{"error":{},"level":"error","message":"Failed to start application","timestamp":"2025-09-02T10:24:27.230Z"}
{"error":{},"level":"error","message":"Failed to start application","timestamp":"2025-09-02T10:29:25.126Z"}
{"error":{},"level":"error","message":"Failed to start application","timestamp":"2025-09-02T10:29:36.545Z"}
{"error":{},"level":"error","message":"Failed to start application","timestamp":"2025-09-02T10:29:53.391Z"}
{"error":{},"level":"error","message":"Failed to start application","timestamp":"2025-09-02T10:30:24.028Z"}
{"error":{},"level":"error","message":"Failed to start application","timestamp":"2025-09-02T10:30:30.600Z"}
{"error":{},"level":"error","message":"Failed to start application","timestamp":"2025-09-02T10:30:40.349Z"}
{"error":{},"level":"error","message":"Failed to start application","timestamp":"2025-09-02T10:31:00.089Z"}
{"error":{},"level":"error","message":"Failed to start application","timestamp":"2025-09-02T10:31:05.876Z"}
{"error":{},"level":"error","message":"Failed to start application","timestamp":"2025-09-02T10:31:10.766Z"}
{"error":{},"level":"error","message":"Failed to start application","timestamp":"2025-09-02T10:32:15.237Z"}
{"error":{},"level":"error","message":"Failed to start application","timestamp":"2025-09-02T10:32:20.643Z"}
{"error":{},"level":"error","message":"Failed to start application","timestamp":"2025-09-02T10:32:24.979Z"}
{"error":{},"level":"error","message":"Failed to start application","timestamp":"2025-09-02T10:32:28.524Z"}
{"error":{"code":"28P01","file":"auth.c","length":104,"line":"339","name":"error","routine":"auth_failed","severity":"FATAL"},"level":"error","message":"Failed to start application","timestamp":"2025-09-02T10:40:16.291Z"}
{"error":{},"level":"error","message":"Failed to start application","timestamp":"2025-09-02T10:46:34.176Z"}
{"error":{},"level":"error","message":"Failed to start application","timestamp":"2025-09-02T10:46:59.751Z"}
{"error":{},"level":"error","message":"Failed to start application","timestamp":"2025-09-02T10:48:57.188Z"}
{"error":{"code":"28P01","file":"auth.c","length":104,"line":"339","name":"error","routine":"auth_failed","severity":"FATAL"},"level":"error","message":"Failed to start application","timestamp":"2025-09-02T10:49:52.845Z"}
{"error":{},"level":"error","message":"Failed to start application","timestamp":"2025-09-02T10:50:01.457Z"}
{"error":{},"level":"error","message":"Failed to start application","timestamp":"2025-09-02T10:50:39.620Z"}
{"error":{},"level":"error","message":"Failed to start application","timestamp":"2025-09-02T10:52:19.950Z"}
{"error":{"address":"::","code":"EADDRINUSE","errno":-4091,"port":3000,"syscall":"listen"},"level":"error","message":"Server error","timestamp":"2025-09-02T11:02:57.580Z"}
{"error":{},"level":"error","message":"Failed to start application","timestamp":"2025-09-02T11:15:19.959Z"}
{"error":{"address":"::","code":"EADDRINUSE","errno":-4091,"port":3001,"syscall":"listen"},"level":"error","message":"Server error","timestamp":"2025-09-02T11:21:33.004Z"}
{"error":{"address":"::","code":"EADDRINUSE","errno":-4091,"port":3001,"syscall":"listen"},"level":"error","message":"Server error","timestamp":"2025-09-02T11:51:03.940Z"}
{"error":{"address":"::","code":"EADDRINUSE","errno":-4091,"port":3001,"syscall":"listen"},"level":"error","message":"Server error","timestamp":"2025-09-02T12:00:18.066Z"}
{"email":"user@example.com","error":{"code":"42P01","file":"parse_relation.c","length":104,"line":"1373","name":"error","position":"15","routine":"parserOpenTable","severity":"ERROR"},"level":"error","message":"Failed to check email exists","timestamp":"2025-09-02T12:11:06.706Z"}
{"email":"user@example.com","error":{"code":"42P01","file":"parse_relation.c","length":104,"line":"1373","name":"error","position":"15","routine":"parserOpenTable","severity":"ERROR"},"level":"error","message":"Registration failed with unexpected error","timestamp":"2025-09-02T12:11:06.707Z"}
{"code":"REGISTRATION_FAILED","level":"error","message":"Auth controller error Registration failed","statusCode":500,"timestamp":"2025-09-02T12:11:06.709Z"}
{"email":"user@example.com","error":{"code":"42P01","file":"parse_relation.c","length":104,"line":"1373","name":"error","position":"15","routine":"parserOpenTable","severity":"ERROR"},"level":"error","message":"Failed to check email exists","timestamp":"2025-09-02T12:12:06.280Z"}
{"email":"user@example.com","error":{"code":"42P01","file":"parse_relation.c","length":104,"line":"1373","name":"error","position":"15","routine":"parserOpenTable","severity":"ERROR"},"level":"error","message":"Registration failed with unexpected error","timestamp":"2025-09-02T12:12:06.280Z"}
{"code":"REGISTRATION_FAILED","level":"error","message":"Auth controller error Registration failed","statusCode":500,"timestamp":"2025-09-02T12:12:06.281Z"}
{"email":"user@example.com","error":{"code":"42P01","file":"parse_relation.c","length":104,"line":"1373","name":"error","position":"15","routine":"parserOpenTable","severity":"ERROR"},"level":"error","message":"Failed to check email exists","timestamp":"2025-09-02T12:15:47.080Z"}
{"email":"user@example.com","error":{"code":"42P01","file":"parse_relation.c","length":104,"line":"1373","name":"error","position":"15","routine":"parserOpenTable","severity":"ERROR"},"level":"error","message":"Registration failed with unexpected error","timestamp":"2025-09-02T12:15:47.080Z"}
{"code":"REGISTRATION_FAILED","level":"error","message":"Auth controller error Registration failed","statusCode":500,"timestamp":"2025-09-02T12:15:47.080Z"}
{"email":"user@example.com","error":{"code":"42P01","file":"parse_relation.c","length":104,"line":"1373","name":"error","position":"15","routine":"parserOpenTable","severity":"ERROR"},"level":"error","message":"Failed to check email exists","timestamp":"2025-09-02T12:23:05.841Z"}
{"email":"user@example.com","error":{"code":"42P01","file":"parse_relation.c","length":104,"line":"1373","name":"error","position":"15","routine":"parserOpenTable","severity":"ERROR"},"level":"error","message":"Registration failed with unexpected error","timestamp":"2025-09-02T12:23:05.842Z"}
{"code":"REGISTRATION_FAILED","level":"error","message":"Auth controller error Registration failed","statusCode":500,"timestamp":"2025-09-02T12:23:05.842Z"}
{"email":"user@example.com","error":{"code":"42P01","file":"parse_relation.c","length":104,"line":"1373","name":"error","position":"15","routine":"parserOpenTable","severity":"ERROR"},"level":"error","message":"Failed to check email exists","timestamp":"2025-09-02T12:23:35.545Z"}
{"email":"user@example.com","error":{"code":"42P01","file":"parse_relation.c","length":104,"line":"1373","name":"error","position":"15","routine":"parserOpenTable","severity":"ERROR"},"level":"error","message":"Registration failed with unexpected error","timestamp":"2025-09-02T12:23:35.546Z"}
{"code":"REGISTRATION_FAILED","level":"error","message":"Auth controller error Registration failed, error: relation \"users\" does not exist","statusCode":500,"timestamp":"2025-09-02T12:23:35.546Z"}
{"email":"test@example.com","error":{"code":"42P01","file":"parse_relation.c","length":104,"line":"1373","name":"error","position":"15","routine":"parserOpenTable","severity":"ERROR"},"level":"error","message":"Failed to check email exists","timestamp":"2025-09-02T12:28:07.037Z"}
{"email":"test@example.com","error":{"code":"42P01","file":"parse_relation.c","length":104,"line":"1373","name":"error","position":"15","routine":"parserOpenTable","severity":"ERROR"},"level":"error","message":"Registration failed with unexpected error","timestamp":"2025-09-02T12:28:07.037Z"}
{"code":"REGISTRATION_FAILED","level":"error","message":"Auth controller error Registration failed, error: relation \"users\" does not exist","statusCode":500,"timestamp":"2025-09-02T12:28:07.038Z"}
{"email":"test@example.com","error":{"code":"42P01","file":"parse_relation.c","length":104,"line":"1373","name":"error","position":"15","routine":"parserOpenTable","severity":"ERROR"},"level":"error","message":"Failed to check email exists","timestamp":"2025-09-02T12:28:44.254Z"}
{"email":"test@example.com","error":{"code":"42P01","file":"parse_relation.c","length":104,"line":"1373","name":"error","position":"15","routine":"parserOpenTable","severity":"ERROR"},"level":"error","message":"Registration failed with unexpected error","timestamp":"2025-09-02T12:28:44.254Z"}
{"code":"REGISTRATION_FAILED","level":"error","message":"Auth controller error Registration failed, error: relation \"users\" does not exist","statusCode":500,"timestamp":"2025-09-02T12:28:44.255Z"}
{"error":{"address":"::","code":"EADDRINUSE","errno":-4091,"port":3001,"syscall":"listen"},"level":"error","message":"Server error","timestamp":"2025-09-02T12:28:59.539Z"}
{"email":"test@example.com","error":{"code":"42P01","file":"parse_relation.c","length":104,"line":"1373","name":"error","position":"15","routine":"parserOpenTable","severity":"ERROR"},"level":"error","message":"Failed to check email exists","timestamp":"2025-09-02T12:29:54.621Z"}
{"email":"test@example.com","error":{"code":"42P01","file":"parse_relation.c","length":104,"line":"1373","name":"error","position":"15","routine":"parserOpenTable","severity":"ERROR"},"level":"error","message":"Registration failed with unexpected error","timestamp":"2025-09-02T12:29:54.621Z"}
{"code":"REGISTRATION_FAILED","level":"error","message":"Auth controller error Registration failed, error: relation \"users\" does not exist","statusCode":500,"timestamp":"2025-09-02T12:29:54.622Z"}
{"email":"test@example.com","error":{"code":"42P01","file":"parse_relation.c","length":104,"line":"1373","name":"error","position":"15","routine":"parserOpenTable","severity":"ERROR"},"level":"error","message":"Failed to check email exists","timestamp":"2025-09-02T12:30:31.410Z"}
{"email":"test@example.com","error":{"code":"42P01","file":"parse_relation.c","length":104,"line":"1373","name":"error","position":"15","routine":"parserOpenTable","severity":"ERROR"},"level":"error","message":"Registration failed with unexpected error","timestamp":"2025-09-02T12:30:31.410Z"}
{"code":"REGISTRATION_FAILED","level":"error","message":"Auth controller error Registration failed, error: relation \"users\" does not exist","statusCode":500,"timestamp":"2025-09-02T12:30:31.410Z"}
{"error":{"address":"::","code":"EADDRINUSE","errno":-4091,"port":3001,"syscall":"listen"},"level":"error","message":"Server error","timestamp":"2025-09-02T12:30:51.291Z"}
{"code":"WEAK_PASSWORD","details":{"errors":["Password cannot contain sequential characters (e.g., 123, abc)"]},"level":"error","message":"Auth controller error Password does not meet security requirements","statusCode":400,"timestamp":"2025-09-02T12:32:22.193Z"}
{"code":"WEAK_PASSWORD","details":{"errors":["Password cannot contain sequential characters (e.g., 123, abc)"]},"level":"error","message":"Auth controller error Password does not meet security requirements","statusCode":400,"timestamp":"2025-09-02T12:32:28.668Z"}
{"code":"WEAK_PASSWORD","details":{"errors":["Password cannot contain sequential characters (e.g., 123, abc)"]},"level":"error","message":"Auth controller error Password does not meet security requirements","statusCode":400,"timestamp":"2025-09-02T12:32:30.089Z"}
{"email":"test@example.com","error":{"code":"42703","file":"parse_target.c","length":129,"line":"1047","name":"error","position":"135","routine":"checkInsertTargets","severity":"ERROR"},"level":"error","message":"Failed to create user","timestamp":"2025-09-02T12:32:37.549Z"}
{"email":"test@example.com","error":{"code":"42703","file":"parse_target.c","length":129,"line":"1047","name":"error","position":"135","routine":"checkInsertTargets","severity":"ERROR"},"level":"error","message":"Registration failed with unexpected error","timestamp":"2025-09-02T12:32:37.550Z"}
{"code":"REGISTRATION_FAILED","level":"error","message":"Auth controller error Registration failed, error: column \"created_by\" of relation \"users\" does not exist","statusCode":500,"timestamp":"2025-09-02T12:32:37.550Z"}
{"code":"WEAK_PASSWORD","details":{"errors":["Password cannot contain sequential characters (e.g., 123, abc)"]},"level":"error","message":"Auth controller error Password does not meet security requirements","statusCode":400,"timestamp":"2025-09-02T12:32:38.865Z"}
{"email":"user@example.com","error":{"code":"23503","constraint":"users_establishment_id_fkey","detail":"Key (establishment_id)=(a1b2c3d4-e5f6-7890-1234-567890abcdef) is not present in table \"establishments\".","file":"ri_triggers.c","length":313,"line":"2465","name":"error","routine":"ri_ReportViolation","schema":"public","severity":"ERROR","table":"users"},"level":"error","message":"Failed to create user","timestamp":"2025-09-02T12:32:48.618Z"}
{"email":"user@example.com","error":{"code":"23503","constraint":"users_establishment_id_fkey","detail":"Key (establishment_id)=(a1b2c3d4-e5f6-7890-1234-567890abcdef) is not present in table \"establishments\".","file":"ri_triggers.c","length":313,"line":"2465","name":"error","routine":"ri_ReportViolation","schema":"public","severity":"ERROR","table":"users"},"level":"error","message":"Registration failed with unexpected error","timestamp":"2025-09-02T12:32:48.619Z"}
{"code":"REGISTRATION_FAILED","level":"error","message":"Auth controller error Registration failed, error: insert or update on table \"users\" violates foreign key constraint \"users_establishment_id_fkey\"","statusCode":500,"timestamp":"2025-09-02T12:32:48.619Z"}
{"error":{"address":"::","code":"EADDRINUSE","errno":-4091,"port":3001,"syscall":"listen"},"level":"error","message":"Server error","timestamp":"2025-09-02T12:44:44.311Z"}
{"error":{"address":"::","code":"EADDRINUSE","errno":-4091,"port":3001,"syscall":"listen"},"level":"error","message":"Server error","timestamp":"2025-09-02T12:45:05.565Z"}
{"action":"login_attempt","error":{"code":"23503","constraint":"auth_audit_logs_establishment_id_fkey","detail":"Key (establishment_id)=(a1b2c3d4-e5f6-7890-1234-567890abcdef) is not present in table \"establishments\".","file":"ri_triggers.c","length":353,"line":"2465","name":"error","routine":"ri_ReportViolation","schema":"public","severity":"ERROR","table":"auth_audit_logs"},"level":"error","message":"Failed to log auth event","timestamp":"2025-09-02T12:45:14.919Z"}
{"email":"user@example.com","error":{},"level":"error","message":"Failed to find user by email","timestamp":"2025-09-02T12:45:14.935Z"}
{"email":"user@example.com","error":{},"level":"error","message":"Login failed with unexpected error","timestamp":"2025-09-02T12:45:14.936Z"}
{"code":"LOGIN_FAILED","level":"error","message":"Auth controller error Login failed","statusCode":500,"timestamp":"2025-09-02T12:45:14.936Z"}
{"error":{"address":"::","code":"EADDRINUSE","errno":-4091,"port":3001,"syscall":"listen"},"level":"error","message":"Server error","timestamp":"2025-09-02T12:45:30.360Z"}
{"error":{"address":"::","code":"EADDRINUSE","errno":-4091,"port":3001,"syscall":"listen"},"level":"error","message":"Server error","timestamp":"2025-09-02T12:45:43.296Z"}
{"error":{"address":"::","code":"EADDRINUSE","errno":-4091,"port":3001,"syscall":"listen"},"level":"error","message":"Server error","timestamp":"2025-09-02T12:46:00.274Z"}
{"error":{"address":"::","code":"EADDRINUSE","errno":-4091,"port":3001,"syscall":"listen"},"level":"error","message":"Server error","timestamp":"2025-09-02T12:46:28.037Z"}
{"error":{"address":"::","code":"EADDRINUSE","errno":-4091,"port":3001,"syscall":"listen"},"level":"error","message":"Server error","timestamp":"2025-09-02T12:46:46.217Z"}
{"error":{"address":"::","code":"EADDRINUSE","errno":-4091,"port":3001,"syscall":"listen"},"level":"error","message":"Server error","timestamp":"2025-09-02T12:47:05.624Z"}
{"code":"INVALID_TOKEN","level":"error","message":"Auth controller error Invalid or expired activation token","statusCode":400,"timestamp":"2025-09-02T12:47:35.973Z"}
{"error":{"address":"::","code":"EADDRINUSE","errno":-4091,"port":3001,"syscall":"listen"},"level":"error","message":"Server error","timestamp":"2025-09-02T12:47:39.075Z"}
{"email":"multiuser@example.com","error":{"code":"42703","file":"parse_relation.c","length":116,"line":"3562","name":"error","position":"42","routine":"errorMissingColumn","severity":"ERROR"},"level":"error","message":"Failed to check email exists","timestamp":"2025-09-02T12:47:47.656Z"}
{"email":"multiuser@example.com","error":{"code":"42703","file":"parse_relation.c","length":116,"line":"3562","name":"error","position":"42","routine":"errorMissingColumn","severity":"ERROR"},"level":"error","message":"Registration failed with unexpected error","timestamp":"2025-09-02T12:47:47.657Z"}
{"code":"REGISTRATION_FAILED","level":"error","message":"Auth controller error Registration failed, error: column \"establishment_id\" does not exist","statusCode":500,"timestamp":"2025-09-02T12:47:47.657Z"}
{"error":{"address":"::","code":"EADDRINUSE","errno":-4091,"port":3001,"syscall":"listen"},"level":"error","message":"Server error","timestamp":"2025-09-02T12:48:02.444Z"}
{"code":"ACCOUNT_NOT_ACTIVATED","level":"error","message":"Auth controller error Please activate your account first","statusCode":403,"timestamp":"2025-09-02T12:48:10.076Z"}
{"error":{"address":"::","code":"EADDRINUSE","errno":-4091,"port":3001,"syscall":"listen"},"level":"error","message":"Server error","timestamp":"2025-09-02T12:50:38.071Z"}
{"error":{"address":"::","code":"EADDRINUSE","errno":-4091,"port":3001,"syscall":"listen"},"level":"error","message":"Server error","timestamp":"2025-09-02T12:52:43.098Z"}
{"error":{"address":"::","code":"EADDRINUSE","errno":-4091,"port":3001,"syscall":"listen"},"level":"error","message":"Server error","timestamp":"2025-09-02T12:52:58.648Z"}
{"error":{"address":"::","code":"EADDRINUSE","errno":-4091,"port":3001,"syscall":"listen"},"level":"error","message":"Server error","timestamp":"2025-09-02T12:53:09.152Z"}
{"error":{"address":"::","code":"EADDRINUSE","errno":-4091,"port":3001,"syscall":"listen"},"level":"error","message":"Server error","timestamp":"2025-09-02T12:53:25.413Z"}
{"error":{"address":"::","code":"EADDRINUSE","errno":-4091,"port":3001,"syscall":"listen"},"level":"error","message":"Server error","timestamp":"2025-09-02T12:53:33.279Z"}
{"error":{"address":"::","code":"EADDRINUSE","errno":-4091,"port":3001,"syscall":"listen"},"level":"error","message":"Server error","timestamp":"2025-09-02T12:53:41.115Z"}
{"error":{"address":"::","code":"EADDRINUSE","errno":-4091,"port":3001,"syscall":"listen"},"level":"error","message":"Server error","timestamp":"2025-09-02T12:54:05.526Z"}
{"error":{"address":"::","code":"EADDRINUSE","errno":-4091,"port":3001,"syscall":"listen"},"level":"error","message":"Server error","timestamp":"2025-09-02T12:54:15.853Z"}
{"error":{"address":"::","code":"EADDRINUSE","errno":-4091,"port":3001,"syscall":"listen"},"level":"error","message":"Server error","timestamp":"2025-09-02T12:54:29.231Z"}
{"error":{"address":"::","code":"EADDRINUSE","errno":-4091,"port":3001,"syscall":"listen"},"level":"error","message":"Server error","timestamp":"2025-09-02T12:54:37.124Z"}
{"error":{"address":"::","code":"EADDRINUSE","errno":-4091,"port":3001,"syscall":"listen"},"level":"error","message":"Server error","timestamp":"2025-09-02T12:57:03.481Z"}
{"error":{"address":"::","code":"EADDRINUSE","errno":-4091,"port":3001,"syscall":"listen"},"level":"error","message":"Server error","timestamp":"2025-09-02T12:58:22.533Z"}
{"error":{"address":"::","code":"EADDRINUSE","errno":-4091,"port":3001,"syscall":"listen"},"level":"error","message":"Server error","timestamp":"2025-09-02T12:58:52.698Z"}
{"error":{"address":"::","code":"EADDRINUSE","errno":-4091,"port":3001,"syscall":"listen"},"level":"error","message":"Server error","timestamp":"2025-09-02T12:59:02.122Z"}
{"error":{"address":"::","code":"EADDRINUSE","errno":-4091,"port":3001,"syscall":"listen"},"level":"error","message":"Server error","timestamp":"2025-09-02T12:59:54.569Z"}
{"error":{"address":"::","code":"EADDRINUSE","errno":-4091,"port":3001,"syscall":"listen"},"level":"error","message":"Server error","timestamp":"2025-09-02T13:01:10.510Z"}
{"error":{"address":"::","code":"EADDRINUSE","errno":-4091,"port":3001,"syscall":"listen"},"level":"error","message":"Server error","timestamp":"2025-09-02T13:03:24.550Z"}
{"error":{"address":"::","code":"EADDRINUSE","errno":-4091,"port":3001,"syscall":"listen"},"level":"error","message":"Server error","timestamp":"2025-09-02T13:04:08.540Z"}
{"error":{"address":"::","code":"EADDRINUSE","errno":-4091,"port":3001,"syscall":"listen"},"level":"error","message":"Server error","timestamp":"2025-09-02T13:14:07.236Z"}
{"error":{"address":"::","code":"EADDRINUSE","errno":-4091,"port":3001,"syscall":"listen"},"level":"error","message":"Server error","timestamp":"2025-09-02T13:14:13.703Z"}
{"error":{"address":"::","code":"EADDRINUSE","errno":-4091,"port":3001,"syscall":"listen"},"level":"error","message":"Server error","timestamp":"2025-09-02T13:14:18.965Z"}
{"error":{"address":"::","code":"EADDRINUSE","errno":-4091,"port":3001,"syscall":"listen"},"level":"error","message":"Server error","timestamp":"2025-09-02T13:14:26.974Z"}
{"error":{"address":"::","code":"EADDRINUSE","errno":-4091,"port":3001,"syscall":"listen"},"level":"error","message":"Server error","timestamp":"2025-09-02T13:14:45.414Z"}
{"error":{"address":"::","code":"EADDRINUSE","errno":-4091,"port":3001,"syscall":"listen"},"level":"error","message":"Server error","timestamp":"2025-09-02T13:14:53.081Z"}
{"error":{"address":"::","code":"EADDRINUSE","errno":-4091,"port":3001,"syscall":"listen"},"level":"error","message":"Server error","timestamp":"2025-09-02T13:14:59.925Z"}
{"error":{"address":"::","code":"EADDRINUSE","errno":-4091,"port":3001,"syscall":"listen"},"level":"error","message":"Server error","timestamp":"2025-09-02T13:15:11.578Z"}
{"error":{"address":"::","code":"EADDRINUSE","errno":-4091,"port":3001,"syscall":"listen"},"level":"error","message":"Server error","timestamp":"2025-09-02T13:15:37.070Z"}
{"error":{"address":"::","code":"EADDRINUSE","errno":-4091,"port":3001,"syscall":"listen"},"level":"error","message":"Server error","timestamp":"2025-09-02T13:15:50.866Z"}
{"error":{"address":"::","code":"EADDRINUSE","errno":-4091,"port":3001,"syscall":"listen"},"level":"error","message":"Server error","timestamp":"2025-09-02T13:16:06.509Z"}
{"error":{"address":"::","code":"EADDRINUSE","errno":-4091,"port":3001,"syscall":"listen"},"level":"error","message":"Server error","timestamp":"2025-09-02T13:16:18.879Z"}
{"error":{"address":"::","code":"EADDRINUSE","errno":-4091,"port":3001,"syscall":"listen"},"level":"error","message":"Server error","timestamp":"2025-09-02T13:16:28.122Z"}
{"error":{"address":"::","code":"EADDRINUSE","errno":-4091,"port":3001,"syscall":"listen"},"level":"error","message":"Server error","timestamp":"2025-09-02T13:16:39.454Z"}
{"error":{"address":"::","code":"EADDRINUSE","errno":-4091,"port":3001,"syscall":"listen"},"level":"error","message":"Server error","timestamp":"2025-09-02T13:17:00.156Z"}
{"error":{"address":"::","code":"EADDRINUSE","errno":-4091,"port":3001,"syscall":"listen"},"level":"error","message":"Server error","timestamp":"2025-09-02T13:17:08.422Z"}
{"error":{"address":"::","code":"EADDRINUSE","errno":-4091,"port":3001,"syscall":"listen"},"level":"error","message":"Server error","timestamp":"2025-09-02T13:17:15.388Z"}
{"error":{"address":"::","code":"EADDRINUSE","errno":-4091,"port":3001,"syscall":"listen"},"level":"error","message":"Server error","timestamp":"2025-09-02T13:17:23.155Z"}
{"error":{"address":"::","code":"EADDRINUSE","errno":-4091,"port":3001,"syscall":"listen"},"level":"error","message":"Server error","timestamp":"2025-09-02T13:17:35.065Z"}
{"error":{"address":"::","code":"EADDRINUSE","errno":-4091,"port":3001,"syscall":"listen"},"level":"error","message":"Server error","timestamp":"2025-09-02T13:17:42.041Z"}
{"error":{"address":"::","code":"EADDRINUSE","errno":-4091,"port":3001,"syscall":"listen"},"level":"error","message":"Server error","timestamp":"2025-09-02T13:17:50.784Z"}
{"error":{"address":"::","code":"EADDRINUSE","errno":-4091,"port":3001,"syscall":"listen"},"level":"error","message":"Server error","timestamp":"2025-09-02T13:17:58.222Z"}
{"error":{"address":"::","code":"EADDRINUSE","errno":-4091,"port":3001,"syscall":"listen"},"level":"error","message":"Server error","timestamp":"2025-09-02T13:18:06.434Z"}
{"error":{"address":"::","code":"EADDRINUSE","errno":-4091,"port":3001,"syscall":"listen"},"level":"error","message":"Server error","timestamp":"2025-09-02T13:18:12.930Z"}
{"error":{"address":"::","code":"EADDRINUSE","errno":-4091,"port":3001,"syscall":"listen"},"level":"error","message":"Server error","timestamp":"2025-09-02T13:18:20.396Z"}
{"error":{"address":"::","code":"EADDRINUSE","errno":-4091,"port":3001,"syscall":"listen"},"level":"error","message":"Server error","timestamp":"2025-09-02T13:18:28.376Z"}
{"error":{"address":"::","code":"EADDRINUSE","errno":-4091,"port":3001,"syscall":"listen"},"level":"error","message":"Server error","timestamp":"2025-09-02T13:18:38.855Z"}
{"error":{"address":"::","code":"EADDRINUSE","errno":-4091,"port":3001,"syscall":"listen"},"level":"error","message":"Server error","timestamp":"2025-09-02T13:18:50.016Z"}
{"error":{"address":"::","code":"EADDRINUSE","errno":-4091,"port":3001,"syscall":"listen"},"level":"error","message":"Server error","timestamp":"2025-09-02T13:18:57.011Z"}
{"error":{"address":"::","code":"EADDRINUSE","errno":-4091,"port":3001,"syscall":"listen"},"level":"error","message":"Server error","timestamp":"2025-09-02T13:19:05.035Z"}
{"error":{"address":"::","code":"EADDRINUSE","errno":-4091,"port":3001,"syscall":"listen"},"level":"error","message":"Server error","timestamp":"2025-09-02T13:20:26.639Z"}
{"code":"EMAIL_ALREADY_EXISTS","level":"error","message":"Auth controller error Email address is already registered","statusCode":409,"timestamp":"2025-09-02T13:27:04.250Z"}
{"code":"WEAK_PASSWORD","details":{"errors":["Password cannot contain sequential characters (e.g., 123, abc)"]},"level":"error","message":"Auth controller error Password does not meet security requirements","statusCode":400,"timestamp":"2025-09-02T13:27:17.046Z"}
{"email":"emmryilmaz@gmail.com","error":{"code":"42703","file":"parse_target.c","length":122,"line":"1047","name":"error","position":"92","routine":"checkInsertTargets","severity":"ERROR"},"level":"error","message":"Failed to create user","timestamp":"2025-09-02T13:27:24.902Z"}
{"email":"emmryilmaz@gmail.com","error":{"code":"42703","file":"parse_target.c","length":122,"line":"1047","name":"error","position":"92","routine":"checkInsertTargets","severity":"ERROR"},"level":"error","message":"Registration failed with unexpected error","timestamp":"2025-09-02T13:27:24.902Z"}
{"code":"REGISTRATION_FAILED","level":"error","message":"Auth controller error Registration failed, error: column \"role\" of relation \"users\" does not exist","statusCode":500,"timestamp":"2025-09-02T13:27:24.902Z"}
{"email":"emmryilmaz@gmail.com","error":{"code":"42703","file":"parse_target.c","length":134,"line":"1047","name":"error","position":"98","routine":"checkInsertTargets","severity":"ERROR"},"level":"error","message":"Failed to create user","timestamp":"2025-09-02T13:29:18.065Z"}
{"email":"emmryilmaz@gmail.com","error":{"code":"42703","file":"parse_target.c","length":134,"line":"1047","name":"error","position":"98","routine":"checkInsertTargets","severity":"ERROR"},"level":"error","message":"Registration failed with unexpected error","timestamp":"2025-09-02T13:29:18.065Z"}
{"code":"REGISTRATION_FAILED","level":"error","message":"Auth controller error Registration failed, error: column \"establishment_id\" of relation \"users\" does not exist","statusCode":500,"timestamp":"2025-09-02T13:29:18.065Z"}
{"code":"WEAK_PASSWORD","details":{"errors":["Password cannot contain sequential characters (e.g., 123, abc)"]},"level":"error","message":"Auth controller error Password does not meet security requirements","statusCode":400,"timestamp":"2025-09-02T13:32:00.159Z"}
{"code":"WEAK_PASSWORD","details":{"errors":["Password cannot contain sequential characters (e.g., 123, abc)"]},"level":"error","message":"Auth controller error Password does not meet security requirements","statusCode":400,"timestamp":"2025-09-02T13:32:06.552Z"}
{"error":{"address":"::","code":"EADDRINUSE","errno":-4091,"port":3001,"syscall":"listen"},"level":"error","message":"Server error","timestamp":"2025-09-02T13:33:45.603Z"}
{"error":{"address":"::","code":"EADDRINUSE","errno":-4091,"port":3001,"syscall":"listen"},"level":"error","message":"Server error","timestamp":"2025-09-02T13:34:24.035Z"}
{"code":"EMAIL_ALREADY_EXISTS","level":"error","message":"Auth controller error Email address is already registered","statusCode":409,"timestamp":"2025-09-02T13:35:24.522Z"}
{"email":"newuser@example.com","error":{"code":"23503","constraint":"users_establishment_id_fkey","detail":"Key (establishment_id)=(01234567-89ab-cdef-0123-456789abcdef) is not present in table \"establishments\".","file":"ri_triggers.c","length":313,"line":"2465","name":"error","routine":"ri_ReportViolation","schema":"public","severity":"ERROR","table":"users"},"level":"error","message":"Failed to create user","timestamp":"2025-09-02T13:35:33.287Z"}
{"email":"newuser@example.com","error":{"code":"23503","constraint":"users_establishment_id_fkey","detail":"Key (establishment_id)=(01234567-89ab-cdef-0123-456789abcdef) is not present in table \"establishments\".","file":"ri_triggers.c","length":313,"line":"2465","name":"error","routine":"ri_ReportViolation","schema":"public","severity":"ERROR","table":"users"},"level":"error","message":"Registration failed with unexpected error","timestamp":"2025-09-02T13:35:33.287Z"}
{"code":"REGISTRATION_FAILED","level":"error","message":"Auth controller error Registration failed, error: insert or update on table \"users\" violates foreign key constraint \"users_establishment_id_fkey\"","statusCode":500,"timestamp":"2025-09-02T13:35:33.287Z"}
{"code":"ACCOUNT_NOT_ACTIVATED","level":"error","message":"Auth controller error Please activate your account first","statusCode":403,"timestamp":"2025-09-02T13:36:21.840Z"}
{"code":"INVALID_CREDENTIALS","level":"error","message":"Auth controller error Invalid email or password","statusCode":401,"timestamp":"2025-09-02T13:36:43.457Z"}
{"error":{"client":{"_connected":true,"_connecting":false,"_connectionCallback":null,"_connectionError":false,"_connectionTimeoutMillis":0,"_ended":false,"_ending":true,"_events":{},"_eventsCount":1,"_poolUseCount":1,"_queryable":false,"_types":{"_types":{"arrayParser":{},"builtins":{"ABSTIME":702,"ACLITEM":1033,"BIT":1560,"BOOL":16,"BPCHAR":1042,"BYTEA":17,"CHAR":18,"CID":29,"CIDR":650,"CIRCLE":718,"DATE":1082,"FLOAT4":700,"FLOAT8":701,"GTSVECTOR":3642,"INET":869,"INT2":21,"INT4":23,"INT8":20,"INTERVAL":1186,"JSON":114,"JSONB":3802,"MACADDR":829,"MACADDR8":774,"MONEY":790,"NUMERIC":1700,"OID":26,"PATH":602,"PG_DEPENDENCIES":3402,"PG_LSN":3220,"PG_NDISTINCT":3361,"PG_NODE_TREE":194,"POLYGON":604,"REFCURSOR":1790,"REGCLASS":2205,"REGCONFIG":3734,"REGDICTIONARY":3769,"REGNAMESPACE":4089,"REGOPER":2203,"REGOPERATOR":2204,"REGPROC":24,"REGPROCEDURE":2202,"REGROLE":4096,"REGTYPE":2206,"RELTIME":703,"SMGR":210,"TEXT":25,"TID":27,"TIME":1083,"TIMESTAMP":1114,"TIMESTAMPTZ":1184,"TIMETZ":1266,"TINTERVAL":704,"TSQUERY":3615,"TSVECTOR":3614,"TXID_SNAPSHOT":2970,"UUID":2950,"VARBIT":1562,"VARCHAR":1043,"XID":28,"XML":142}},"binary":{},"text":{}},"activeQuery":null,"binary":false,"connection":{"_connecting":true,"_emitMessage":false,"_ending":false,"_events":{"end":[null,null]},"_eventsCount":23,"_keepAlive":false,"_keepAliveInitialDelayMillis":0,"lastBuffer":false,"parsedStatements":{},"ssl":false,"stream":{"_closeAfterHandlingError":false,"_events":{"end":[null,null]},"_eventsCount":4,"_hadError":false,"_host":"localhost","_parent":null,"_pendingData":null,"_pendingEncoding":"","_readableState":{"awaitDrainWriters":null,"buffer":{"head":null,"length":0,"tail":null},"highWaterMark":16384,"length":0,"pipes":[]},"_server":null,"_sockname":null,"_writableState":{"bufferedIndex":0,"corked":0,"highWaterMark":16384,"length":0,"pendingcb":0,"writelen":0},"allowHalfOpen":false,"autoSelectFamilyAttemptedAddresses":["::1:5432"],"connecting":false,"server":null}},"connectionParameters":{"binary":false,"client_encoding":"","connect_timeout":0,"database":"ballet_neli","host":"localhost","idle_in_transaction_session_timeout":false,"isDomainSocket":false,"lock_timeout":false,"port":5432,"query_timeout":false,"ssl":false,"statement_timeout":false,"user":"postgres"},"database":"ballet_neli","enableChannelBinding":false,"hasExecuted":true,"host":"localhost","port":5432,"processID":1278,"queryQueue":[],"readyForQuery":true,"secretKey":-1323515025,"ssl":false,"user":"postgres"},"code":"57P01","file":"postgres.c","length":116,"line":"3075","name":"error","routine":"ProcessInterrupts","severity":"FATAL"},"level":"error","message":"Database error","timestamp":"2025-09-03T12:33:26.400Z"}
{"error":{"client":{"_connected":true,"_connecting":false,"_connectionCallback":null,"_connectionError":false,"_connectionTimeoutMillis":0,"_ended":false,"_ending":true,"_events":{},"_eventsCount":1,"_poolUseCount":32,"_queryable":false,"_types":{"_types":{"arrayParser":{},"builtins":{"ABSTIME":702,"ACLITEM":1033,"BIT":1560,"BOOL":16,"BPCHAR":1042,"BYTEA":17,"CHAR":18,"CID":29,"CIDR":650,"CIRCLE":718,"DATE":1082,"FLOAT4":700,"FLOAT8":701,"GTSVECTOR":3642,"INET":869,"INT2":21,"INT4":23,"INT8":20,"INTERVAL":1186,"JSON":114,"JSONB":3802,"MACADDR":829,"MACADDR8":774,"MONEY":790,"NUMERIC":1700,"OID":26,"PATH":602,"PG_DEPENDENCIES":3402,"PG_LSN":3220,"PG_NDISTINCT":3361,"PG_NODE_TREE":194,"POLYGON":604,"REFCURSOR":1790,"REGCLASS":2205,"REGCONFIG":3734,"REGDICTIONARY":3769,"REGNAMESPACE":4089,"REGOPER":2203,"REGOPERATOR":2204,"REGPROC":24,"REGPROCEDURE":2202,"REGROLE":4096,"REGTYPE":2206,"RELTIME":703,"SMGR":210,"TEXT":25,"TID":27,"TIME":1083,"TIMESTAMP":1114,"TIMESTAMPTZ":1184,"TIMETZ":1266,"TINTERVAL":704,"TSQUERY":3615,"TSVECTOR":3614,"TXID_SNAPSHOT":2970,"UUID":2950,"VARBIT":1562,"VARCHAR":1043,"XID":28,"XML":142}},"binary":{},"text":{}},"activeQuery":null,"binary":false,"connection":{"_connecting":true,"_emitMessage":false,"_ending":true,"_events":{"end":[null,null]},"_eventsCount":23,"_keepAlive":false,"_keepAliveInitialDelayMillis":0,"lastBuffer":false,"parsedStatements":{},"ssl":false,"stream":{"_closeAfterHandlingError":false,"_events":{"end":[null,null]},"_eventsCount":4,"_hadError":false,"_host":"localhost","_parent":null,"_pendingData":null,"_pendingEncoding":"","_readableState":{"awaitDrainWriters":null,"buffer":{"head":null,"length":0,"tail":null},"highWaterMark":16384,"length":0,"pipes":[]},"_server":null,"_sockname":null,"_writableState":{"bufferedIndex":0,"corked":0,"highWaterMark":16384,"length":0,"pendingcb":0,"writelen":0},"allowHalfOpen":false,"autoSelectFamilyAttemptedAddresses":["::1:5432"],"connecting":false,"server":null}},"connectionParameters":{"binary":false,"client_encoding":"","connect_timeout":0,"database":"ballet_neli","host":"localhost","idle_in_transaction_session_timeout":false,"isDomainSocket":false,"lock_timeout":false,"port":5432,"query_timeout":false,"ssl":false,"statement_timeout":false,"user":"postgres"},"database":"ballet_neli","enableChannelBinding":false,"hasExecuted":true,"host":"localhost","port":5432,"processID":1306,"queryQueue":[],"readyForQuery":true,"secretKey":-1482753075,"ssl":false,"user":"postgres"},"code":"57P01","file":"postgres.c","length":116,"line":"3075","name":"error","routine":"ProcessInterrupts","severity":"FATAL"},"level":"error","message":"Database error","timestamp":"2025-09-03T12:33:26.398Z"}
{"error":{"client":{"_connected":true,"_connecting":false,"_connectionCallback":null,"_connectionError":false,"_connectionTimeoutMillis":0,"_ended":false,"_ending":true,"_events":{},"_eventsCount":1,"_poolUseCount":1,"_queryable":false,"_types":{"_types":{"arrayParser":{},"builtins":{"ABSTIME":702,"ACLITEM":1033,"BIT":1560,"BOOL":16,"BPCHAR":1042,"BYTEA":17,"CHAR":18,"CID":29,"CIDR":650,"CIRCLE":718,"DATE":1082,"FLOAT4":700,"FLOAT8":701,"GTSVECTOR":3642,"INET":869,"INT2":21,"INT4":23,"INT8":20,"INTERVAL":1186,"JSON":114,"JSONB":3802,"MACADDR":829,"MACADDR8":774,"MONEY":790,"NUMERIC":1700,"OID":26,"PATH":602,"PG_DEPENDENCIES":3402,"PG_LSN":3220,"PG_NDISTINCT":3361,"PG_NODE_TREE":194,"POLYGON":604,"REFCURSOR":1790,"REGCLASS":2205,"REGCONFIG":3734,"REGDICTIONARY":3769,"REGNAMESPACE":4089,"REGOPER":2203,"REGOPERATOR":2204,"REGPROC":24,"REGPROCEDURE":2202,"REGROLE":4096,"REGTYPE":2206,"RELTIME":703,"SMGR":210,"TEXT":25,"TID":27,"TIME":1083,"TIMESTAMP":1114,"TIMESTAMPTZ":1184,"TIMETZ":1266,"TINTERVAL":704,"TSQUERY":3615,"TSVECTOR":3614,"TXID_SNAPSHOT":2970,"UUID":2950,"VARBIT":1562,"VARCHAR":1043,"XID":28,"XML":142}},"binary":{},"text":{}},"activeQuery":null,"binary":false,"connection":{"_connecting":true,"_emitMessage":false,"_ending":false,"_events":{"end":[null,null]},"_eventsCount":23,"_keepAlive":false,"_keepAliveInitialDelayMillis":0,"lastBuffer":false,"parsedStatements":{},"ssl":false,"stream":{"_closeAfterHandlingError":false,"_events":{"end":[null,null]},"_eventsCount":4,"_hadError":false,"_host":"localhost","_parent":null,"_pendingData":null,"_pendingEncoding":"","_readableState":{"awaitDrainWriters":null,"buffer":{"head":null,"length":0,"tail":null},"highWaterMark":16384,"length":0,"pipes":[]},"_server":null,"_sockname":null,"_writableState":{"bufferedIndex":0,"corked":0,"highWaterMark":16384,"length":0,"pendingcb":0,"writelen":0},"allowHalfOpen":false,"autoSelectFamilyAttemptedAddresses":["::1:5432"],"connecting":false,"server":null}},"connectionParameters":{"binary":false,"client_encoding":"","connect_timeout":0,"database":"postgres","host":"localhost","idle_in_transaction_session_timeout":false,"isDomainSocket":false,"lock_timeout":false,"port":5432,"query_timeout":false,"ssl":false,"statement_timeout":false,"user":"postgres"},"database":"postgres","enableChannelBinding":false,"hasExecuted":true,"host":"localhost","port":5432,"processID":632,"queryQueue":[],"readyForQuery":true,"secretKey":1394478398,"ssl":false,"user":"postgres"},"code":"57P01","file":"postgres.c","length":116,"line":"3075","name":"error","routine":"ProcessInterrupts","severity":"FATAL"},"level":"error","message":"Database error","timestamp":"2025-09-03T12:33:26.474Z"}
{"email":"emmryilmaz@gmail.com","error":{"code":"ECONNREFUSED"},"level":"error","message":"Failed to check email exists","timestamp":"2025-09-03T12:42:26.782Z"}
{"email":"emmryilmaz@gmail.com","error":{"code":"ECONNREFUSED"},"level":"error","message":"Registration failed with unexpected error","timestamp":"2025-09-03T12:42:26.782Z"}
{"code":"REGISTRATION_FAILED","level":"error","message":"Auth controller error Registration failed, AggregateError","statusCode":500,"timestamp":"2025-09-03T12:42:26.783Z"}
{"email":"emmryilmaz@gmail.com","error":{"code":"ECONNREFUSED"},"level":"error","message":"Failed to check email exists","timestamp":"2025-09-03T12:42:41.757Z"}
{"email":"emmryilmaz@gmail.com","error":{"code":"ECONNREFUSED"},"level":"error","message":"Registration failed with unexpected error","timestamp":"2025-09-03T12:42:41.757Z"}
{"code":"REGISTRATION_FAILED","level":"error","message":"Auth controller error Registration failed, AggregateError","statusCode":500,"timestamp":"2025-09-03T12:42:41.760Z"}
{"email":"emmryilmaz@gmail.com","error":{"code":"ECONNREFUSED"},"level":"error","message":"Failed to check email exists","timestamp":"2025-09-03T12:42:44.491Z"}
{"email":"emmryilmaz@gmail.com","error":{"code":"ECONNREFUSED"},"level":"error","message":"Registration failed with unexpected error","timestamp":"2025-09-03T12:42:44.491Z"}
{"code":"REGISTRATION_FAILED","level":"error","message":"Auth controller error Registration failed, AggregateError","statusCode":500,"timestamp":"2025-09-03T12:42:44.492Z"}
{"email":"emmryilmaz@gmail.com","error":{"code":"23503","constraint":"users_establishment_id_fkey","detail":"Key (establishment_id)=(a1b2c3d4-e5f6-7890-1234-567890abcdef) is not present in table \"establishments\".","file":"ri_triggers.c","length":313,"line":"2465","name":"error","routine":"ri_ReportViolation","schema":"public","severity":"ERROR","table":"users"},"level":"error","message":"Failed to create user","timestamp":"2025-09-03T12:44:17.690Z"}
{"email":"emmryilmaz@gmail.com","error":{"code":"23503","constraint":"users_establishment_id_fkey","detail":"Key (establishment_id)=(a1b2c3d4-e5f6-7890-1234-567890abcdef) is not present in table \"establishments\".","file":"ri_triggers.c","length":313,"line":"2465","name":"error","routine":"ri_ReportViolation","schema":"public","severity":"ERROR","table":"users"},"level":"error","message":"Registration failed with unexpected error","timestamp":"2025-09-03T12:44:17.691Z"}
{"code":"REGISTRATION_FAILED","level":"error","message":"Auth controller error Registration failed, error: insert or update on table \"users\" violates foreign key constraint \"users_establishment_id_fkey\"","statusCode":500,"timestamp":"2025-09-03T12:44:17.691Z"}
{"code":"INVALID_TOKEN","level":"error","message":"Auth controller error Invalid or expired activation token","statusCode":400,"timestamp":"2025-09-03T12:48:46.760Z"}
{"code":"INVALID_TOKEN","level":"error","message":"Auth controller error Invalid or expired activation token","statusCode":400,"timestamp":"2025-09-03T12:48:58.165Z"}
{"code":"INVALID_TOKEN","level":"error","message":"Auth controller error Invalid or expired activation token","statusCode":400,"timestamp":"2025-09-03T12:49:04.281Z"}
{"error":{"client":{"_connected":true,"_connecting":false,"_connectionCallback":null,"_connectionError":false,"_connectionTimeoutMillis":0,"_ended":false,"_ending":true,"_events":{},"_eventsCount":1,"_poolUseCount":3,"_queryable":false,"_types":{"_types":{"arrayParser":{},"builtins":{"ABSTIME":702,"ACLITEM":1033,"BIT":1560,"BOOL":16,"BPCHAR":1042,"BYTEA":17,"CHAR":18,"CID":29,"CIDR":650,"CIRCLE":718,"DATE":1082,"FLOAT4":700,"FLOAT8":701,"GTSVECTOR":3642,"INET":869,"INT2":21,"INT4":23,"INT8":20,"INTERVAL":1186,"JSON":114,"JSONB":3802,"MACADDR":829,"MACADDR8":774,"MONEY":790,"NUMERIC":1700,"OID":26,"PATH":602,"PG_DEPENDENCIES":3402,"PG_LSN":3220,"PG_NDISTINCT":3361,"PG_NODE_TREE":194,"POLYGON":604,"REFCURSOR":1790,"REGCLASS":2205,"REGCONFIG":3734,"REGDICTIONARY":3769,"REGNAMESPACE":4089,"REGOPER":2203,"REGOPERATOR":2204,"REGPROC":24,"REGPROCEDURE":2202,"REGROLE":4096,"REGTYPE":2206,"RELTIME":703,"SMGR":210,"TEXT":25,"TID":27,"TIME":1083,"TIMESTAMP":1114,"TIMESTAMPTZ":1184,"TIMETZ":1266,"TINTERVAL":704,"TSQUERY":3615,"TSVECTOR":3614,"TXID_SNAPSHOT":2970,"UUID":2950,"VARBIT":1562,"VARCHAR":1043,"XID":28,"XML":142}},"binary":{},"text":{}},"activeQuery":null,"binary":false,"connection":{"_connecting":true,"_emitMessage":false,"_ending":true,"_events":{"end":[null,null]},"_eventsCount":23,"_keepAlive":false,"_keepAliveInitialDelayMillis":0,"lastBuffer":false,"parsedStatements":{},"ssl":false,"stream":{"_closeAfterHandlingError":false,"_events":{"end":[null,null]},"_eventsCount":4,"_hadError":false,"_host":"localhost","_parent":null,"_pendingData":null,"_pendingEncoding":"","_readableState":{"awaitDrainWriters":null,"buffer":{"head":null,"length":0,"tail":null},"highWaterMark":16384,"length":0,"pipes":[]},"_server":null,"_sockname":null,"_writableState":{"bufferedIndex":0,"corked":0,"highWaterMark":16384,"length":0,"pendingcb":0,"writelen":0},"allowHalfOpen":false,"autoSelectFamilyAttemptedAddresses":["::1:5432"],"connecting":false,"server":null}},"connectionParameters":{"binary":false,"client_encoding":"","connect_timeout":0,"database":"ballet_neli","host":"localhost","idle_in_transaction_session_timeout":false,"isDomainSocket":false,"lock_timeout":false,"port":5432,"query_timeout":false,"ssl":false,"statement_timeout":false,"user":"postgres"},"database":"ballet_neli","enableChannelBinding":false,"hasExecuted":true,"host":"localhost","port":5432,"processID":49,"queryQueue":[],"readyForQuery":true,"secretKey":1649589993,"ssl":false,"user":"postgres"},"code":"57P01","file":"postgres.c","length":116,"line":"3075","name":"error","routine":"ProcessInterrupts","severity":"FATAL"},"level":"error","message":"Database error","timestamp":"2025-09-03T12:53:07.310Z"}
{"code":"INVALID_TOKEN","level":"error","message":"Auth controller error Invalid or expired activation token","statusCode":400,"timestamp":"2025-09-03T15:12:41.796Z"}
{"code":"INVALID_TOKEN","level":"error","message":"Auth controller error Invalid or expired activation token","statusCode":400,"timestamp":"2025-09-03T15:12:44.900Z"}
{"error":{"code":"ECONNREFUSED"},"level":"error","message":"Failed to start application","timestamp":"2025-09-03T15:59:39.845Z"}
{"error":{"address":"::","code":"EADDRINUSE","errno":-4091,"port":3001,"syscall":"listen"},"level":"error","message":"Server error","timestamp":"2025-09-03T16:00:47.218Z"}
{"error":{"address":"::","code":"EADDRINUSE","errno":-4091,"port":3001,"syscall":"listen"},"level":"error","message":"Server error","timestamp":"2025-09-03T16:02:27.598Z"}
{"code":"EMAIL_ALREADY_EXISTS","level":"error","message":"Auth controller error Email address is already registered","statusCode":409,"timestamp":"2025-09-03T16:03:08.817Z"}
{"error":{"address":"::","code":"EADDRINUSE","errno":-4091,"port":3001,"syscall":"listen"},"level":"error","message":"Server error","timestamp":"2025-09-03T16:06:56.943Z"}
{"error":{"address":"::","code":"EADDRINUSE","errno":-4091,"port":3001,"syscall":"listen"},"level":"error","message":"Server error","timestamp":"2025-09-03T16:11:59.722Z"}
{"error":{"address":"::","code":"EADDRINUSE","errno":-4091,"port":3001,"syscall":"listen"},"level":"error","message":"Server error","timestamp":"2025-09-03T16:12:31.776Z"}
{"error":{"address":"::","code":"EADDRINUSE","errno":-4091,"port":3001,"syscall":"listen"},"level":"error","message":"Server error","timestamp":"2025-09-03T16:12:38.231Z"}
{"error":{"address":"::","code":"EADDRINUSE","errno":-4091,"port":3001,"syscall":"listen"},"level":"error","message":"Server error","timestamp":"2025-09-03T16:13:22.169Z"}
{"error":{"address":"::","code":"EADDRINUSE","errno":-4091,"port":3001,"syscall":"listen"},"level":"error","message":"Server error","timestamp":"2025-09-03T16:14:02.671Z"}
{"error":{"address":"::","code":"EADDRINUSE","errno":-4091,"port":3001,"syscall":"listen"},"level":"error","message":"Server error","timestamp":"2025-09-03T16:14:10.337Z"}
{"error":{"address":"::","code":"EADDRINUSE","errno":-4091,"port":3001,"syscall":"listen"},"level":"error","message":"Server error","timestamp":"2025-09-03T16:15:31.908Z"}
{"error":{"address":"::","code":"EADDRINUSE","errno":-4091,"port":3001,"syscall":"listen"},"level":"error","message":"Server error","timestamp":"2025-09-03T16:16:59.673Z"}
{"error":{"address":"::","code":"EADDRINUSE","errno":-4091,"port":3001,"syscall":"listen"},"level":"error","message":"Server error","timestamp":"2025-09-03T16:17:04.122Z"}
{"error":{"address":"::","code":"EADDRINUSE","errno":-4091,"port":3001,"syscall":"listen"},"level":"error","message":"Server error","timestamp":"2025-09-03T16:17:06.442Z"}
{"error":{"address":"::","code":"EADDRINUSE","errno":-4091,"port":3001,"syscall":"listen"},"level":"error","message":"Server error","timestamp":"2025-09-03T16:17:09.557Z"}
{"error":{"address":"::","code":"EADDRINUSE","errno":-4091,"port":3001,"syscall":"listen"},"level":"error","message":"Server error","timestamp":"2025-09-03T16:17:54.622Z"}
{"error":{"address":"::","code":"EADDRINUSE","errno":-4091,"port":3001,"syscall":"listen"},"level":"error","message":"Server error","timestamp":"2025-09-03T16:17:57.508Z"}
{"error":{"address":"::","code":"EADDRINUSE","errno":-4091,"port":3001,"syscall":"listen"},"level":"error","message":"Server error","timestamp":"2025-09-03T16:18:00.980Z"}
{"error":{"client":{"_connected":true,"_connecting":false,"_connectionCallback":null,"_connectionError":false,"_connectionTimeoutMillis":0,"_ended":false,"_ending":true,"_events":{},"_eventsCount":1,"_poolUseCount":4,"_queryable":false,"_types":{"_types":{"arrayParser":{},"builtins":{"ABSTIME":702,"ACLITEM":1033,"BIT":1560,"BOOL":16,"BPCHAR":1042,"BYTEA":17,"CHAR":18,"CID":29,"CIDR":650,"CIRCLE":718,"DATE":1082,"FLOAT4":700,"FLOAT8":701,"GTSVECTOR":3642,"INET":869,"INT2":21,"INT4":23,"INT8":20,"INTERVAL":1186,"JSON":114,"JSONB":3802,"MACADDR":829,"MACADDR8":774,"MONEY":790,"NUMERIC":1700,"OID":26,"PATH":602,"PG_DEPENDENCIES":3402,"PG_LSN":3220,"PG_NDISTINCT":3361,"PG_NODE_TREE":194,"POLYGON":604,"REFCURSOR":1790,"REGCLASS":2205,"REGCONFIG":3734,"REGDICTIONARY":3769,"REGNAMESPACE":4089,"REGOPER":2203,"REGOPERATOR":2204,"REGPROC":24,"REGPROCEDURE":2202,"REGROLE":4096,"REGTYPE":2206,"RELTIME":703,"SMGR":210,"TEXT":25,"TID":27,"TIME":1083,"TIMESTAMP":1114,"TIMESTAMPTZ":1184,"TIMETZ":1266,"TINTERVAL":704,"TSQUERY":3615,"TSVECTOR":3614,"TXID_SNAPSHOT":2970,"UUID":2950,"VARBIT":1562,"VARCHAR":1043,"XID":28,"XML":142}},"binary":{},"text":{}},"activeQuery":null,"binary":false,"connection":{"_connecting":true,"_emitMessage":false,"_ending":true,"_events":{"end":[null,null]},"_eventsCount":23,"_keepAlive":false,"_keepAliveInitialDelayMillis":0,"lastBuffer":false,"parsedStatements":{},"ssl":false,"stream":{"_closeAfterHandlingError":false,"_events":{"end":[null,null]},"_eventsCount":4,"_hadError":false,"_host":"localhost","_parent":null,"_pendingData":null,"_pendingEncoding":"","_readableState":{"awaitDrainWriters":null,"buffer":{"head":null,"length":0,"tail":null},"highWaterMark":16384,"length":0,"pipes":[]},"_server":null,"_sockname":null,"_writableState":{"bufferedIndex":0,"corked":0,"highWaterMark":16384,"length":0,"pendingcb":0,"writelen":0},"allowHalfOpen":false,"autoSelectFamilyAttemptedAddresses":["::1:5432"],"connecting":false,"server":null}},"connectionParameters":{"binary":false,"client_encoding":"","connect_timeout":0,"database":"ballet_neli","host":"localhost","idle_in_transaction_session_timeout":false,"isDomainSocket":false,"lock_timeout":false,"port":5432,"query_timeout":false,"ssl":false,"statement_timeout":false,"user":"postgres"},"database":"ballet_neli","enableChannelBinding":false,"hasExecuted":true,"host":"localhost","port":5432,"processID":125,"queryQueue":[],"readyForQuery":true,"secretKey":379050383,"ssl":false,"user":"postgres"},"code":"57P01","file":"postgres.c","length":116,"line":"3075","name":"error","routine":"ProcessInterrupts","severity":"FATAL"},"level":"error","message":"Database error","timestamp":"2025-09-03T17:46:19.837Z"}
{"error":{"client":{"_connected":true,"_connecting":false,"_connectionCallback":null,"_connectionError":false,"_connectionTimeoutMillis":0,"_ended":false,"_ending":true,"_events":{},"_eventsCount":1,"_poolUseCount":1,"_queryable":false,"_types":{"_types":{"arrayParser":{},"builtins":{"ABSTIME":702,"ACLITEM":1033,"BIT":1560,"BOOL":16,"BPCHAR":1042,"BYTEA":17,"CHAR":18,"CID":29,"CIDR":650,"CIRCLE":718,"DATE":1082,"FLOAT4":700,"FLOAT8":701,"GTSVECTOR":3642,"INET":869,"INT2":21,"INT4":23,"INT8":20,"INTERVAL":1186,"JSON":114,"JSONB":3802,"MACADDR":829,"MACADDR8":774,"MONEY":790,"NUMERIC":1700,"OID":26,"PATH":602,"PG_DEPENDENCIES":3402,"PG_LSN":3220,"PG_NDISTINCT":3361,"PG_NODE_TREE":194,"POLYGON":604,"REFCURSOR":1790,"REGCLASS":2205,"REGCONFIG":3734,"REGDICTIONARY":3769,"REGNAMESPACE":4089,"REGOPER":2203,"REGOPERATOR":2204,"REGPROC":24,"REGPROCEDURE":2202,"REGROLE":4096,"REGTYPE":2206,"RELTIME":703,"SMGR":210,"TEXT":25,"TID":27,"TIME":1083,"TIMESTAMP":1114,"TIMESTAMPTZ":1184,"TIMETZ":1266,"TINTERVAL":704,"TSQUERY":3615,"TSVECTOR":3614,"TXID_SNAPSHOT":2970,"UUID":2950,"VARBIT":1562,"VARCHAR":1043,"XID":28,"XML":142}},"binary":{},"text":{}},"activeQuery":null,"binary":false,"connection":{"_connecting":true,"_emitMessage":false,"_ending":false,"_events":{"end":[null,null]},"_eventsCount":23,"_keepAlive":false,"_keepAliveInitialDelayMillis":0,"lastBuffer":false,"parsedStatements":{},"ssl":false,"stream":{"_closeAfterHandlingError":false,"_events":{"end":[null,null]},"_eventsCount":4,"_hadError":false,"_host":"localhost","_parent":null,"_pendingData":null,"_pendingEncoding":"","_readableState":{"awaitDrainWriters":null,"buffer":{"head":null,"length":0,"tail":null},"highWaterMark":16384,"length":0,"pipes":[]},"_server":null,"_sockname":null,"_writableState":{"bufferedIndex":0,"corked":0,"highWaterMark":16384,"length":0,"pendingcb":0,"writelen":0},"allowHalfOpen":false,"autoSelectFamilyAttemptedAddresses":["::1:5432"],"connecting":false,"server":null}},"connectionParameters":{"binary":false,"client_encoding":"","connect_timeout":0,"database":"ballet_neli","host":"localhost","idle_in_transaction_session_timeout":false,"isDomainSocket":false,"lock_timeout":false,"port":5432,"query_timeout":false,"ssl":false,"statement_timeout":false,"user":"postgres"},"database":"ballet_neli","enableChannelBinding":false,"hasExecuted":true,"host":"localhost","port":5432,"processID":126,"queryQueue":[],"readyForQuery":true,"secretKey":261406638,"ssl":false,"user":"postgres"},"code":"57P01","file":"postgres.c","length":116,"line":"3075","name":"error","routine":"ProcessInterrupts","severity":"FATAL"},"level":"error","message":"Database error","timestamp":"2025-09-03T17:46:19.842Z"}
{"error":{"address":"::","code":"EADDRINUSE","errno":-4091,"port":3001,"syscall":"listen"},"level":"error","message":"Server error","timestamp":"2025-09-04T08:54:32.377Z"}
{"error":{"address":"::","code":"EADDRINUSE","errno":-4091,"port":3001,"syscall":"listen"},"level":"error","message":"Server error","timestamp":"2025-09-04T08:59:12.701Z"}
{"error":{"address":"::","code":"EADDRINUSE","errno":-4091,"port":3001,"syscall":"listen"},"level":"error","message":"Server error","timestamp":"2025-09-04T09:00:09.636Z"}
{"error":{"address":"::","code":"EADDRINUSE","errno":-4091,"port":3001,"syscall":"listen"},"level":"error","message":"Server error","timestamp":"2025-09-04T09:02:07.767Z"}
{"error":{"address":"::","code":"EADDRINUSE","errno":-4091,"port":3001,"syscall":"listen"},"level":"error","message":"Server error","timestamp":"2025-09-04T09:03:11.368Z"}
{"error":{"address":"::","code":"EADDRINUSE","errno":-4091,"port":3001,"syscall":"listen"},"level":"error","message":"Server error","timestamp":"2025-09-04T09:03:22.944Z"}
{"error":{"address":"::","code":"EADDRINUSE","errno":-4091,"port":3001,"syscall":"listen"},"level":"error","message":"Server error","timestamp":"2025-09-04T09:04:14.479Z"}
{"error":{"address":"::","code":"EADDRINUSE","errno":-4091,"port":3001,"syscall":"listen"},"level":"error","message":"Server error","timestamp":"2025-09-04T09:04:31.816Z"}
{"error":{"address":"::","code":"EADDRINUSE","errno":-4091,"port":3001,"syscall":"listen"},"level":"error","message":"Server error","timestamp":"2025-09-04T09:04:54.488Z"}
{"error":{"address":"::","code":"EADDRINUSE","errno":-4091,"port":3001,"syscall":"listen"},"level":"error","message":"Server error","timestamp":"2025-09-04T09:05:05.287Z"}
{"error":{"address":"::","code":"EADDRINUSE","errno":-4091,"port":3001,"syscall":"listen"},"level":"error","message":"Server error","timestamp":"2025-09-04T09:05:16.334Z"}
{"error":{"address":"::","code":"EADDRINUSE","errno":-4091,"port":3001,"syscall":"listen"},"level":"error","message":"Server error","timestamp":"2025-09-04T09:05:28.895Z"}
{"error":{"address":"::","code":"EADDRINUSE","errno":-4091,"port":3001,"syscall":"listen"},"level":"error","message":"Server error","timestamp":"2025-09-04T09:05:45.467Z"}
{"error":{"address":"::","code":"EADDRINUSE","errno":-4091,"port":3001,"syscall":"listen"},"level":"error","message":"Server error","timestamp":"2025-09-04T09:06:44.584Z"}
{"error":{"address":"::","code":"EADDRINUSE","errno":-4091,"port":3001,"syscall":"listen"},"level":"error","message":"Server error","timestamp":"2025-09-04T09:07:47.022Z"}
{"error":{"address":"::","code":"EADDRINUSE","errno":-4091,"port":3001,"syscall":"listen"},"level":"error","message":"Server error","timestamp":"2025-09-04T09:08:16.195Z"}
{"error":{"address":"::","code":"EADDRINUSE","errno":-4091,"port":3001,"syscall":"listen"},"level":"error","message":"Server error","timestamp":"2025-09-04T09:08:31.559Z"}
{"error":{"address":"::","code":"EADDRINUSE","errno":-4091,"port":3001,"syscall":"listen"},"level":"error","message":"Server error","timestamp":"2025-09-04T09:08:42.136Z"}
{"error":{"address":"::","code":"EADDRINUSE","errno":-4091,"port":3001,"syscall":"listen"},"level":"error","message":"Server error","timestamp":"2025-09-04T09:08:52.617Z"}
{"error":{"address":"::","code":"EADDRINUSE","errno":-4091,"port":3001,"syscall":"listen"},"level":"error","message":"Server error","timestamp":"2025-09-04T09:09:07.266Z"}
{"error":{},"level":"error","message":"Failed to find registration by token","timestamp":"2025-09-04T09:13:14.363Z","token":"342ec9427fb1a6a040e3d408ee2fa8e7f15f4bd7569231dadbfdcc9fe4725196"}
{"code":"INVALID_TOKEN","level":"error","message":"Auth controller error Invalid or expired activation token","statusCode":400,"timestamp":"2025-09-04T09:13:14.363Z"}
{"error":{},"level":"error","message":"Failed to find registration by token","timestamp":"2025-09-04T09:13:32.102Z","token":"342ec9427fb1a6a040e3d408ee2fa8e7f15f4bd7569231dadbfdcc9fe4725196"}
{"code":"INVALID_TOKEN","level":"error","message":"Auth controller error Invalid or expired activation token","statusCode":400,"timestamp":"2025-09-04T09:13:32.103Z"}
{"error":{},"level":"error","message":"Failed to find registration by token","timestamp":"2025-09-04T09:14:27.142Z","token":"342ec9427fb1a6a040e3d408ee2fa8e7f15f4bd7569231dadbfdcc9fe4725196"}
{"code":"INVALID_TOKEN","level":"error","message":"Auth controller error Invalid or expired activation token","statusCode":400,"timestamp":"2025-09-04T09:14:27.142Z"}
{"error":{},"level":"error","message":"Failed to find registration by token","timestamp":"2025-09-04T09:14:33.337Z","token":"342ec9427fb1a6a040e3d408ee2fa8e7f15f4bd7569231dadbfdcc9fe4725196"}
{"code":"INVALID_TOKEN","level":"error","message":"Auth controller error Invalid or expired activation token","statusCode":400,"timestamp":"2025-09-04T09:14:33.337Z"}
{"error":{"address":"::","code":"EADDRINUSE","errno":-4091,"port":3001,"syscall":"listen"},"level":"error","message":"Server error","timestamp":"2025-09-04T09:15:36.687Z"}
{"error":{},"level":"error","message":"Failed to find registration by token","timestamp":"2025-09-04T09:15:38.634Z","token":"342ec9427fb1a6a040e3d408ee2fa8e7f15f4bd7569231dadbfdcc9fe4725196"}
{"code":"INVALID_TOKEN","level":"error","message":"Auth controller error Invalid or expired activation token","statusCode":400,"timestamp":"2025-09-04T09:15:38.635Z"}
{"error":{},"level":"error","message":"Failed to find registration by token","timestamp":"2025-09-04T09:15:44.208Z","token":"342ec9427fb1a6a040e3d408ee2fa8e7f15f4bd7569231dadbfdcc9fe4725196"}
{"code":"INVALID_TOKEN","level":"error","message":"Auth controller error Invalid or expired activation token","statusCode":400,"timestamp":"2025-09-04T09:15:44.208Z"}
{"error":{"address":"::","code":"EADDRINUSE","errno":-4091,"port":3001,"syscall":"listen"},"level":"error","message":"Server error","timestamp":"2025-09-04T09:15:50.165Z"}
{"error":{"address":"::","code":"EADDRINUSE","errno":-4091,"port":3001,"syscall":"listen"},"level":"error","message":"Server error","timestamp":"2025-09-04T09:16:06.495Z"}
{"error":{"address":"::","code":"EADDRINUSE","errno":-4091,"port":3001,"syscall":"listen"},"level":"error","message":"Server error","timestamp":"2025-09-04T09:16:10.657Z"}
{"error":{"address":"::","code":"EADDRINUSE","errno":-4091,"port":3001,"syscall":"listen"},"level":"error","message":"Server error","timestamp":"2025-09-04T09:16:13.086Z"}
{"error":{"address":"::","code":"EADDRINUSE","errno":-4091,"port":3001,"syscall":"listen"},"level":"error","message":"Server error","timestamp":"2025-09-04T09:16:15.139Z"}
{"error":{"address":"::","code":"EADDRINUSE","errno":-4091,"port":3001,"syscall":"listen"},"level":"error","message":"Server error","timestamp":"2025-09-04T09:16:19.531Z"}
{"error":{},"level":"error","message":"Failed to find registration by token","timestamp":"2025-09-04T09:17:39.310Z","token":"342ec9427fb1a6a040e3d408ee2fa8e7f15f4bd7569231dadbfdcc9fe4725196"}
{"code":"INVALID_TOKEN","level":"error","message":"Auth controller error Invalid or expired activation token","statusCode":400,"timestamp":"2025-09-04T09:17:39.311Z"}
{"error":{"address":"::","code":"EADDRINUSE","errno":-4091,"port":3001,"syscall":"listen"},"level":"error","message":"Server error","timestamp":"2025-09-04T09:18:39.589Z"}
{"error":{"address":"::","code":"EADDRINUSE","errno":-4091,"port":3001,"syscall":"listen"},"level":"error","message":"Server error","timestamp":"2025-09-04T09:18:44.777Z"}
{"error":{},"level":"error","message":"Failed to find registration by token","timestamp":"2025-09-04T09:19:01.774Z","token":"342ec9427fb1a6a040e3d408ee2fa8e7f15f4bd7569231dadbfdcc9fe4725196"}
{"code":"INVALID_TOKEN","level":"error","message":"Auth controller error Invalid or expired activation token","statusCode":400,"timestamp":"2025-09-04T09:19:01.775Z"}
{"error":{"address":"::","code":"EADDRINUSE","errno":-4091,"port":3001,"syscall":"listen"},"level":"error","message":"Server error","timestamp":"2025-09-04T09:20:05.928Z"}
{"error":{"address":"::","code":"EADDRINUSE","errno":-4091,"port":3001,"syscall":"listen"},"level":"error","message":"Server error","timestamp":"2025-09-04T09:20:08.601Z"}
{"error":{"address":"::","code":"EADDRINUSE","errno":-4091,"port":3001,"syscall":"listen"},"level":"error","message":"Server error","timestamp":"2025-09-04T09:24:26.923Z"}
{"error":{"address":"::","code":"EADDRINUSE","errno":-4091,"port":3001,"syscall":"listen"},"level":"error","message":"Server error","timestamp":"2025-09-04T09:24:32.280Z"}
{"error":{},"level":"error","message":"Failed to find registration by token","timestamp":"2025-09-04T09:24:40.569Z","token":"342ec9427fb1a6a040e3d408ee2fa8e7f15f4bd7569231dadbfdcc9fe4725196"}
{"code":"INVALID_TOKEN","level":"error","message":"Auth controller error Invalid or expired activation token","statusCode":400,"timestamp":"2025-09-04T09:24:40.570Z"}
{"error":{"address":"::","code":"EADDRINUSE","errno":-4091,"port":3001,"syscall":"listen"},"level":"error","message":"Server error","timestamp":"2025-09-04T09:25:29.239Z"}
{"error":{"address":"::","code":"EADDRINUSE","errno":-4091,"port":3001,"syscall":"listen"},"level":"error","message":"Server error","timestamp":"2025-09-04T09:25:31.730Z"}
{"error":{},"level":"error","message":"Failed to find registration by token","timestamp":"2025-09-04T09:25:35.610Z","token":"342ec9427fb1a6a040e3d408ee2fa8e7f15f4bd7569231dadbfdcc9fe4725196"}
{"code":"INVALID_TOKEN","level":"error","message":"Auth controller error Invalid or expired activation token","statusCode":400,"timestamp":"2025-09-04T09:25:35.611Z"}
{"error":{"address":"::","code":"EADDRINUSE","errno":-4091,"port":3001,"syscall":"listen"},"level":"error","message":"Server error","timestamp":"2025-09-04T09:25:49.813Z"}
{"error":{"address":"::","code":"EADDRINUSE","errno":-4091,"port":3001,"syscall":"listen"},"level":"error","message":"Server error","timestamp":"2025-09-04T09:25:52.583Z"}
{"error":{"address":"::","code":"EADDRINUSE","errno":-4091,"port":3001,"syscall":"listen"},"level":"error","message":"Server error","timestamp":"2025-09-04T09:25:55.064Z"}
{"error":{"address":"::","code":"EADDRINUSE","errno":-4091,"port":3001,"syscall":"listen"},"level":"error","message":"Server error","timestamp":"2025-09-04T09:25:58.066Z"}
{"error":{},"level":"error","message":"Failed to find registration by token","timestamp":"2025-09-04T09:26:23.262Z","token":"342ec9427fb1a6a040e3d408ee2fa8e7f15f4bd7569231dadbfdcc9fe4725196"}
{"code":"INVALID_TOKEN","level":"error","message":"Auth controller error Invalid or expired activation token","statusCode":400,"timestamp":"2025-09-04T09:26:23.264Z"}
{"error":{"address":"::","code":"EADDRINUSE","errno":-4091,"port":3001,"syscall":"listen"},"level":"error","message":"Server error","timestamp":"2025-09-04T09:26:41.728Z"}
{"error":{"address":"::","code":"EADDRINUSE","errno":-4091,"port":3001,"syscall":"listen"},"level":"error","message":"Server error","timestamp":"2025-09-04T09:26:44.187Z"}
{"error":{"address":"::","code":"EADDRINUSE","errno":-4091,"port":3001,"syscall":"listen"},"level":"error","message":"Server error","timestamp":"2025-09-04T09:27:16.488Z"}
{"error":{"address":"::","code":"EADDRINUSE","errno":-4091,"port":3001,"syscall":"listen"},"level":"error","message":"Server error","timestamp":"2025-09-04T09:27:39.317Z"}
{"error":{"address":"::","code":"EADDRINUSE","errno":-4091,"port":3001,"syscall":"listen"},"level":"error","message":"Server error","timestamp":"2025-09-04T09:27:42.032Z"}
{"error":{},"level":"error","message":"Failed to find registration by token","timestamp":"2025-09-04T09:27:50.008Z","token":"342ec9427fb1a6a040e3d408ee2fa8e7f15f4bd7569231dadbfdcc9fe4725196"}
{"code":"INVALID_TOKEN","level":"error","message":"Auth controller error Invalid or expired activation token","statusCode":400,"timestamp":"2025-09-04T09:27:50.009Z"}
{"error":{"address":"::","code":"EADDRINUSE","errno":-4091,"port":3001,"syscall":"listen"},"level":"error","message":"Server error","timestamp":"2025-09-04T09:27:59.830Z"}
{"error":{"address":"::","code":"EADDRINUSE","errno":-4091,"port":3001,"syscall":"listen"},"level":"error","message":"Server error","timestamp":"2025-09-04T09:28:02.579Z"}
{"error":{"address":"::","code":"EADDRINUSE","errno":-4091,"port":3001,"syscall":"listen"},"level":"error","message":"Server error","timestamp":"2025-09-04T09:28:07.054Z"}
{"error":{"address":"::","code":"EADDRINUSE","errno":-4091,"port":3001,"syscall":"listen"},"level":"error","message":"Server error","timestamp":"2025-09-04T09:28:36.201Z"}
{"error":{"address":"::","code":"EADDRINUSE","errno":-4091,"port":3001,"syscall":"listen"},"level":"error","message":"Server error","timestamp":"2025-09-04T09:28:38.650Z"}
{"error":{},"level":"error","message":"Failed to find registration by token","timestamp":"2025-09-04T09:28:41.041Z","token":"342ec9427fb1a6a040e3d408ee2fa8e7f15f4bd7569231dadbfdcc9fe4725196"}
{"code":"INVALID_TOKEN","level":"error","message":"Auth controller error Invalid or expired activation token","statusCode":400,"timestamp":"2025-09-04T09:28:41.041Z"}
{"error":{"address":"::","code":"EADDRINUSE","errno":-4091,"port":3001,"syscall":"listen"},"level":"error","message":"Server error","timestamp":"2025-09-04T09:29:10.998Z"}
{"error":{"address":"::","code":"EADDRINUSE","errno":-4091,"port":3001,"syscall":"listen"},"level":"error","message":"Server error","timestamp":"2025-09-04T09:29:15.759Z"}
{"error":{"address":"::","code":"EADDRINUSE","errno":-4091,"port":3001,"syscall":"listen"},"level":"error","message":"Server error","timestamp":"2025-09-04T09:29:19.429Z"}
{"error":{},"level":"error","message":"Failed to find registration by token","timestamp":"2025-09-04T09:29:20.932Z","token":"342ec9427fb1a6a040e3d408ee2fa8e7f15f4bd7569231dadbfdcc9fe4725196"}
{"code":"INVALID_TOKEN","level":"error","message":"Auth controller error Invalid or expired activation token","statusCode":400,"timestamp":"2025-09-04T09:29:20.933Z"}
{"error":{"address":"::","code":"EADDRINUSE","errno":-4091,"port":3001,"syscall":"listen"},"level":"error","message":"Server error","timestamp":"2025-09-04T09:29:45.695Z"}
{"error":{"address":"::","code":"EADDRINUSE","errno":-4091,"port":3001,"syscall":"listen"},"level":"error","message":"Server error","timestamp":"2025-09-04T09:29:48.269Z"}
{"error":{"address":"::","code":"EADDRINUSE","errno":-4091,"port":3001,"syscall":"listen"},"level":"error","message":"Server error","timestamp":"2025-09-04T09:29:51.201Z"}
{"error":{"address":"::","code":"EADDRINUSE","errno":-4091,"port":3001,"syscall":"listen"},"level":"error","message":"Server error","timestamp":"2025-09-04T09:30:07.977Z"}
{"error":{"address":"::","code":"EADDRINUSE","errno":-4091,"port":3001,"syscall":"listen"},"level":"error","message":"Server error","timestamp":"2025-09-04T09:30:38.969Z"}
{"code":"INVALID_CREDENTIALS","level":"error","message":"Auth controller error Invalid email or password","statusCode":401,"timestamp":"2025-09-04T09:32:00.765Z"}
{"error":{"address":"::","code":"EADDRINUSE","errno":-4091,"port":3001,"syscall":"listen"},"level":"error","message":"Server error","timestamp":"2025-09-04T09:33:54.480Z"}
{"error":{"address":"::","code":"EADDRINUSE","errno":-4091,"port":3001,"syscall":"listen"},"level":"error","message":"Server error","timestamp":"2025-09-04T09:33:59.788Z"}
{"code":"INVALID_TOKEN","level":"error","message":"Auth controller error Invalid or expired password reset token","statusCode":400,"timestamp":"2025-09-04T09:34:53.536Z"}
{"code":"INVALID_TOKEN","level":"error","message":"Auth controller error Invalid or expired password reset token","statusCode":400,"timestamp":"2025-09-04T09:35:13.690Z"}
{"error":{"address":"::","code":"EADDRINUSE","errno":-4091,"port":3001,"syscall":"listen"},"level":"error","message":"Server error","timestamp":"2025-09-04T09:36:21.706Z"}
{"error":{"address":"::","code":"EADDRINUSE","errno":-4091,"port":3001,"syscall":"listen"},"level":"error","message":"Server error","timestamp":"2025-09-04T09:36:25.537Z"}
{"error":{"address":"::","code":"EADDRINUSE","errno":-4091,"port":3001,"syscall":"listen"},"level":"error","message":"Server error","timestamp":"2025-09-04T09:36:27.456Z"}
{"code":"INVALID_TOKEN","level":"error","message":"Auth controller error Invalid or expired password reset token","statusCode":400,"timestamp":"2025-09-04T09:36:31.244Z"}
{"code":"INVALID_TOKEN","level":"error","message":"Auth controller error Invalid or expired password reset token","statusCode":400,"timestamp":"2025-09-04T09:36:54.219Z"}
{"error":{"address":"::","code":"EADDRINUSE","errno":-4091,"port":3001,"syscall":"listen"},"level":"error","message":"Server error","timestamp":"2025-09-04T09:39:23.420Z"}
{"error":{"address":"::","code":"EADDRINUSE","errno":-4091,"port":3001,"syscall":"listen"},"level":"error","message":"Server error","timestamp":"2025-09-04T09:39:27.333Z"}
{"error":{"address":"::","code":"EADDRINUSE","errno":-4091,"port":3001,"syscall":"listen"},"level":"error","message":"Server error","timestamp":"2025-09-04T09:39:30.768Z"}
{"code":"INVALID_TOKEN","level":"error","message":"Auth controller error Invalid or expired password reset token","statusCode":400,"timestamp":"2025-09-04T09:39:33.960Z"}
{"error":{"address":"::","code":"EADDRINUSE","errno":-4091,"port":3001,"syscall":"listen"},"level":"error","message":"Server error","timestamp":"2025-09-04T09:47:58.526Z"}
{"error":{"address":"::","code":"EADDRINUSE","errno":-4091,"port":3001,"syscall":"listen"},"level":"error","message":"Server error","timestamp":"2025-09-04T09:47:58.580Z"}
{"error":{"address":"::","code":"EADDRINUSE","errno":-4091,"port":3001,"syscall":"listen"},"level":"error","message":"Server error","timestamp":"2025-09-04T09:48:03.808Z"}
{"error":{"address":"::","code":"EADDRINUSE","errno":-4091,"port":3001,"syscall":"listen"},"level":"error","message":"Server error","timestamp":"2025-09-04T09:48:03.822Z"}
{"code":"INVALID_TOKEN","level":"error","message":"Auth controller error Invalid or expired password reset token","statusCode":400,"timestamp":"2025-09-04T09:48:33.548Z"}
{"code":"INVALID_CREDENTIALS","level":"error","message":"Auth controller error Invalid email or password","statusCode":401,"timestamp":"2025-09-04T09:49:35.050Z"}
{"code":"EMAIL_ALREADY_EXISTS","level":"error","message":"Auth controller error Account with this email already exists","statusCode":409,"timestamp":"2025-09-04T10:43:58.941Z"}
{"code":"INVALID_TOKEN","level":"error","message":"Auth controller error Invalid or expired activation token","statusCode":400,"timestamp":"2025-09-04T10:43:58.951Z"}
{"code":"INVALID_TOKEN","level":"error","message":"Auth controller error Invalid or expired activation token","statusCode":400,"timestamp":"2025-09-04T10:43:58.960Z"}
{"code":"INVALID_TOKEN","level":"error","message":"Auth controller error Invalid or expired activation token","statusCode":400,"timestamp":"2025-09-04T10:43:58.963Z"}
{"code":"INVALID_TOKEN","level":"error","message":"Auth controller error Invalid or expired activation token","statusCode":400,"timestamp":"2025-09-04T10:43:58.966Z"}
{"code":"INVALID_TOKEN","level":"error","message":"Auth controller error Invalid or expired activation token","statusCode":400,"timestamp":"2025-09-04T10:43:58.975Z"}
{"code":"INVALID_TOKEN","level":"error","message":"Auth controller error Invalid or expired activation token","statusCode":400,"timestamp":"2025-09-04T10:43:58.977Z"}
{"code":"INVALID_TOKEN","level":"error","message":"Auth controller error Invalid or expired activation token","statusCode":400,"timestamp":"2025-09-04T10:43:58.980Z"}
{"code":"INVALID_TOKEN","level":"error","message":"Auth controller error Invalid or expired activation token","statusCode":400,"timestamp":"2025-09-04T10:43:58.983Z"}
{"code":"INVALID_TOKEN","level":"error","message":"Auth controller error Invalid or expired activation token","statusCode":400,"timestamp":"2025-09-04T10:43:58.985Z"}
{"code":"INVALID_TOKEN","level":"error","message":"Auth controller error Invalid or expired activation token","statusCode":400,"timestamp":"2025-09-04T10:43:59.000Z"}
{"code":"INVALID_TOKEN","level":"error","message":"Auth controller error Invalid or expired activation token","statusCode":400,"timestamp":"2025-09-04T10:43:59.002Z"}
{"code":"INVALID_TOKEN","level":"error","message":"Auth controller error Invalid or expired activation token","statusCode":400,"timestamp":"2025-09-04T10:43:59.004Z"}
{"code":"INVALID_TOKEN","level":"error","message":"Auth controller error Invalid or expired activation token","statusCode":400,"timestamp":"2025-09-04T10:43:59.007Z"}
{"code":"INVALID_TOKEN","level":"error","message":"Auth controller error Invalid or expired activation token","statusCode":400,"timestamp":"2025-09-04T10:43:59.009Z"}
{"code":"INVALID_TOKEN","level":"error","message":"Auth controller error Invalid or expired activation token","statusCode":400,"timestamp":"2025-09-04T10:43:59.018Z"}
{"code":"INVALID_TOKEN","level":"error","message":"Auth controller error Invalid or expired activation token","statusCode":400,"timestamp":"2025-09-04T10:43:59.020Z"}
{"code":"INVALID_TOKEN","level":"error","message":"Auth controller error Invalid or expired activation token","statusCode":400,"timestamp":"2025-09-04T10:43:59.021Z"}
{"code":"INVALID_TOKEN","level":"error","message":"Auth controller error Invalid or expired activation token","statusCode":400,"timestamp":"2025-09-04T10:43:59.023Z"}
{"code":"INVALID_TOKEN","level":"error","message":"Auth controller error Invalid or expired activation token","statusCode":400,"timestamp":"2025-09-04T10:43:59.025Z"}
{"code":"INVALID_TOKEN","level":"error","message":"Auth controller error Invalid or expired activation token","statusCode":400,"timestamp":"2025-09-04T10:43:59.035Z"}
{"code":"INVALID_TOKEN","level":"error","message":"Auth controller error Invalid or expired activation token","statusCode":400,"timestamp":"2025-09-04T10:43:59.040Z"}
{"code":"INVALID_TOKEN","level":"error","message":"Auth controller error Invalid or expired activation token","statusCode":400,"timestamp":"2025-09-04T10:43:59.041Z"}
{"code":"INVALID_TOKEN","level":"error","message":"Auth controller error Invalid or expired activation token","statusCode":400,"timestamp":"2025-09-04T10:43:59.043Z"}
{"code":"INVALID_TOKEN","level":"error","message":"Auth controller error Invalid or expired activation token","statusCode":400,"timestamp":"2025-09-04T10:43:59.045Z"}
{"code":"INVALID_TOKEN","level":"error","message":"Auth controller error Invalid or expired activation token","statusCode":400,"timestamp":"2025-09-04T10:43:59.054Z"}
{"code":"INVALID_TOKEN","level":"error","message":"Auth controller error Invalid or expired activation token","statusCode":400,"timestamp":"2025-09-04T10:43:59.056Z"}
{"code":"INVALID_TOKEN","level":"error","message":"Auth controller error Invalid or expired activation token","statusCode":400,"timestamp":"2025-09-04T10:43:59.057Z"}
{"code":"INVALID_TOKEN","level":"error","message":"Auth controller error Invalid or expired activation token","statusCode":400,"timestamp":"2025-09-04T10:43:59.059Z"}
{"code":"INVALID_TOKEN","level":"error","message":"Auth controller error Invalid or expired activation token","statusCode":400,"timestamp":"2025-09-04T10:43:59.061Z"}
{"code":"INVALID_TOKEN","level":"error","message":"Auth controller error Invalid or expired activation token","statusCode":400,"timestamp":"2025-09-04T10:43:59.063Z"}
{"code":"INVALID_TOKEN","level":"error","message":"Auth controller error Invalid or expired activation token","statusCode":400,"timestamp":"2025-09-04T10:43:59.072Z"}
{"code":"INVALID_TOKEN","level":"error","message":"Auth controller error Invalid or expired activation token","statusCode":400,"timestamp":"2025-09-04T10:43:59.075Z"}
{"code":"INVALID_TOKEN","level":"error","message":"Auth controller error Invalid or expired activation token","statusCode":400,"timestamp":"2025-09-04T10:43:59.077Z"}
{"code":"INVALID_TOKEN","level":"error","message":"Auth controller error Invalid or expired activation token","statusCode":400,"timestamp":"2025-09-04T10:43:59.079Z"}
{"code":"INVALID_TOKEN","level":"error","message":"Auth controller error Invalid or expired activation token","statusCode":400,"timestamp":"2025-09-04T10:43:59.080Z"}
{"code":"INVALID_TOKEN","level":"error","message":"Auth controller error Invalid or expired activation token","statusCode":400,"timestamp":"2025-09-04T10:43:59.082Z"}
{"code":"INVALID_TOKEN","level":"error","message":"Auth controller error Invalid or expired activation token","statusCode":400,"timestamp":"2025-09-04T10:43:59.091Z"}
{"code":"INVALID_TOKEN","level":"error","message":"Auth controller error Invalid or expired activation token","statusCode":400,"timestamp":"2025-09-04T10:43:59.093Z"}
{"code":"INVALID_TOKEN","level":"error","message":"Auth controller error Invalid or expired activation token","statusCode":400,"timestamp":"2025-09-04T10:43:59.095Z"}
{"code":"INVALID_TOKEN","level":"error","message":"Auth controller error Invalid or expired activation token","statusCode":400,"timestamp":"2025-09-04T10:43:59.097Z"}
{"code":"INVALID_TOKEN","level":"error","message":"Auth controller error Invalid or expired activation token","statusCode":400,"timestamp":"2025-09-04T10:43:59.100Z"}
{"code":"INVALID_TOKEN","level":"error","message":"Auth controller error Invalid or expired activation token","statusCode":400,"timestamp":"2025-09-04T10:43:59.102Z"}
{"code":"INVALID_TOKEN","level":"error","message":"Auth controller error Invalid or expired activation token","statusCode":400,"timestamp":"2025-09-04T10:43:59.109Z"}
{"code":"INVALID_TOKEN","level":"error","message":"Auth controller error Invalid or expired activation token","statusCode":400,"timestamp":"2025-09-04T10:43:59.110Z"}
{"code":"INVALID_TOKEN","level":"error","message":"Auth controller error Invalid or expired activation token","statusCode":400,"timestamp":"2025-09-04T10:43:59.112Z"}
{"code":"INVALID_TOKEN","level":"error","message":"Auth controller error Invalid or expired activation token","statusCode":400,"timestamp":"2025-09-04T10:43:59.115Z"}
{"code":"INVALID_TOKEN","level":"error","message":"Auth controller error Invalid or expired activation token","statusCode":400,"timestamp":"2025-09-04T10:43:59.116Z"}
{"code":"INVALID_TOKEN","level":"error","message":"Auth controller error Invalid or expired activation token","statusCode":400,"timestamp":"2025-09-04T10:43:59.118Z"}
{"code":"INVALID_TOKEN","level":"error","message":"Auth controller error Invalid or expired activation token","statusCode":400,"timestamp":"2025-09-04T10:43:59.125Z"}
{"code":"INVALID_TOKEN","level":"error","message":"Auth controller error Invalid or expired activation token","statusCode":400,"timestamp":"2025-09-04T10:43:59.126Z"}
{"code":"INVALID_TOKEN","level":"error","message":"Auth controller error Invalid or expired activation token","statusCode":400,"timestamp":"2025-09-04T10:43:59.128Z"}
{"code":"INVALID_TOKEN","level":"error","message":"Auth controller error Invalid or expired activation token","statusCode":400,"timestamp":"2025-09-04T10:43:59.130Z"}
{"code":"INVALID_TOKEN","level":"error","message":"Auth controller error Invalid or expired activation token","statusCode":400,"timestamp":"2025-09-04T10:43:59.131Z"}
{"code":"INVALID_TOKEN","level":"error","message":"Auth controller error Invalid or expired activation token","statusCode":400,"timestamp":"2025-09-04T10:44:05.832Z"}
{"code":"INVALID_TOKEN","level":"error","message":"Auth controller error Invalid or expired activation token","statusCode":400,"timestamp":"2025-09-04T10:44:05.836Z"}
{"code":"INVALID_TOKEN","level":"error","message":"Auth controller error Invalid or expired activation token","statusCode":400,"timestamp":"2025-09-04T10:44:05.850Z"}
{"code":"INVALID_TOKEN","level":"error","message":"Auth controller error Invalid or expired activation token","statusCode":400,"timestamp":"2025-09-04T10:44:05.853Z"}
{"code":"INVALID_TOKEN","level":"error","message":"Auth controller error Invalid or expired activation token","statusCode":400,"timestamp":"2025-09-04T10:44:05.858Z"}
{"code":"INVALID_TOKEN","level":"error","message":"Auth controller error Invalid or expired activation token","statusCode":400,"timestamp":"2025-09-04T10:44:05.868Z"}
{"code":"INVALID_TOKEN","level":"error","message":"Auth controller error Invalid or expired activation token","statusCode":400,"timestamp":"2025-09-04T10:44:05.871Z"}
{"code":"INVALID_TOKEN","level":"error","message":"Auth controller error Invalid or expired activation token","statusCode":400,"timestamp":"2025-09-04T10:44:05.873Z"}
{"code":"INVALID_TOKEN","level":"error","message":"Auth controller error Invalid or expired activation token","statusCode":400,"timestamp":"2025-09-04T10:44:05.874Z"}
{"code":"INVALID_TOKEN","level":"error","message":"Auth controller error Invalid or expired activation token","statusCode":400,"timestamp":"2025-09-04T10:44:05.876Z"}
{"code":"INVALID_TOKEN","level":"error","message":"Auth controller error Invalid or expired activation token","statusCode":400,"timestamp":"2025-09-04T10:44:05.881Z"}
{"code":"INVALID_TOKEN","level":"error","message":"Auth controller error Invalid or expired activation token","statusCode":400,"timestamp":"2025-09-04T10:44:05.897Z"}
{"code":"INVALID_TOKEN","level":"error","message":"Auth controller error Invalid or expired activation token","statusCode":400,"timestamp":"2025-09-04T10:44:05.899Z"}
{"code":"INVALID_TOKEN","level":"error","message":"Auth controller error Invalid or expired activation token","statusCode":400,"timestamp":"2025-09-04T10:44:05.901Z"}
{"code":"INVALID_TOKEN","level":"error","message":"Auth controller error Invalid or expired activation token","statusCode":400,"timestamp":"2025-09-04T10:44:05.903Z"}
{"code":"INVALID_TOKEN","level":"error","message":"Auth controller error Invalid or expired activation token","statusCode":400,"timestamp":"2025-09-04T10:44:05.905Z"}
{"code":"INVALID_TOKEN","level":"error","message":"Auth controller error Invalid or expired activation token","statusCode":400,"timestamp":"2025-09-04T10:44:05.907Z"}
{"code":"INVALID_TOKEN","level":"error","message":"Auth controller error Invalid or expired activation token","statusCode":400,"timestamp":"2025-09-04T10:44:05.915Z"}
{"code":"INVALID_TOKEN","level":"error","message":"Auth controller error Invalid or expired activation token","statusCode":400,"timestamp":"2025-09-04T10:44:05.917Z"}
{"code":"INVALID_TOKEN","level":"error","message":"Auth controller error Invalid or expired activation token","statusCode":400,"timestamp":"2025-09-04T10:44:05.920Z"}
{"code":"INVALID_TOKEN","level":"error","message":"Auth controller error Invalid or expired activation token","statusCode":400,"timestamp":"2025-09-04T10:44:05.922Z"}
{"code":"INVALID_TOKEN","level":"error","message":"Auth controller error Invalid or expired activation token","statusCode":400,"timestamp":"2025-09-04T10:44:05.923Z"}
{"code":"INVALID_TOKEN","level":"error","message":"Auth controller error Invalid or expired activation token","statusCode":400,"timestamp":"2025-09-04T10:44:05.925Z"}
{"code":"INVALID_TOKEN","level":"error","message":"Auth controller error Invalid or expired activation token","statusCode":400,"timestamp":"2025-09-04T10:44:05.933Z"}
{"code":"INVALID_TOKEN","level":"error","message":"Auth controller error Invalid or expired activation token","statusCode":400,"timestamp":"2025-09-04T10:44:05.935Z"}
{"code":"INVALID_TOKEN","level":"error","message":"Auth controller error Invalid or expired activation token","statusCode":400,"timestamp":"2025-09-04T10:44:05.936Z"}
{"code":"INVALID_TOKEN","level":"error","message":"Auth controller error Invalid or expired activation token","statusCode":400,"timestamp":"2025-09-04T10:44:05.938Z"}
{"code":"INVALID_TOKEN","level":"error","message":"Auth controller error Invalid or expired activation token","statusCode":400,"timestamp":"2025-09-04T10:44:05.940Z"}
{"code":"INVALID_TOKEN","level":"error","message":"Auth controller error Invalid or expired activation token","statusCode":400,"timestamp":"2025-09-04T10:44:05.941Z"}
{"code":"INVALID_TOKEN","level":"error","message":"Auth controller error Invalid or expired activation token","statusCode":400,"timestamp":"2025-09-04T10:44:05.950Z"}
{"code":"INVALID_TOKEN","level":"error","message":"Auth controller error Invalid or expired activation token","statusCode":400,"timestamp":"2025-09-04T10:44:05.952Z"}
{"code":"INVALID_TOKEN","level":"error","message":"Auth controller error Invalid or expired activation token","statusCode":400,"timestamp":"2025-09-04T10:44:05.954Z"}
{"code":"INVALID_TOKEN","level":"error","message":"Auth controller error Invalid or expired activation token","statusCode":400,"timestamp":"2025-09-04T10:44:05.955Z"}
{"code":"INVALID_TOKEN","level":"error","message":"Auth controller error Invalid or expired activation token","statusCode":400,"timestamp":"2025-09-04T10:44:05.958Z"}
{"code":"INVALID_TOKEN","level":"error","message":"Auth controller error Invalid or expired activation token","statusCode":400,"timestamp":"2025-09-04T10:44:05.960Z"}
{"code":"INVALID_TOKEN","level":"error","message":"Auth controller error Invalid or expired activation token","statusCode":400,"timestamp":"2025-09-04T10:44:05.968Z"}
{"code":"INVALID_TOKEN","level":"error","message":"Auth controller error Invalid or expired activation token","statusCode":400,"timestamp":"2025-09-04T10:44:05.970Z"}
{"code":"INVALID_TOKEN","level":"error","message":"Auth controller error Invalid or expired activation token","statusCode":400,"timestamp":"2025-09-04T10:44:05.971Z"}
{"code":"INVALID_TOKEN","level":"error","message":"Auth controller error Invalid or expired activation token","statusCode":400,"timestamp":"2025-09-04T10:44:05.973Z"}
{"code":"INVALID_TOKEN","level":"error","message":"Auth controller error Invalid or expired activation token","statusCode":400,"timestamp":"2025-09-04T10:44:05.975Z"}
{"code":"INVALID_TOKEN","level":"error","message":"Auth controller error Invalid or expired activation token","statusCode":400,"timestamp":"2025-09-04T10:44:05.976Z"}
{"code":"INVALID_TOKEN","level":"error","message":"Auth controller error Invalid or expired activation token","statusCode":400,"timestamp":"2025-09-04T10:44:05.984Z"}
{"code":"INVALID_TOKEN","level":"error","message":"Auth controller error Invalid or expired activation token","statusCode":400,"timestamp":"2025-09-04T10:44:05.987Z"}
{"error":{"address":"::","code":"EADDRINUSE","errno":-4091,"port":3001,"syscall":"listen"},"level":"error","message":"Server error","timestamp":"2025-09-04T10:47:37.200Z"}
{"error":{"address":"::","code":"EADDRINUSE","errno":-4091,"port":3001,"syscall":"listen"},"level":"error","message":"Server error","timestamp":"2025-09-04T10:47:37.379Z"}
{"error":{"address":"::","code":"EADDRINUSE","errno":-4091,"port":3001,"syscall":"listen"},"level":"error","message":"Server error","timestamp":"2025-09-04T10:48:03.418Z"}
{"error":{"address":"::","code":"EADDRINUSE","errno":-4091,"port":3001,"syscall":"listen"},"level":"error","message":"Server error","timestamp":"2025-09-04T10:48:03.436Z"}
{"error":{"address":"::","code":"EADDRINUSE","errno":-4091,"port":3001,"syscall":"listen"},"level":"error","message":"Server error","timestamp":"2025-09-04T10:48:06.906Z"}
{"error":{"address":"::","code":"EADDRINUSE","errno":-4091,"port":3001,"syscall":"listen"},"level":"error","message":"Server error","timestamp":"2025-09-04T10:48:06.937Z"}
{"error":{"address":"::","code":"EADDRINUSE","errno":-4091,"port":3001,"syscall":"listen"},"level":"error","message":"Server error","timestamp":"2025-09-04T10:48:13.341Z"}
{"error":{"address":"::","code":"EADDRINUSE","errno":-4091,"port":3001,"syscall":"listen"},"level":"error","message":"Server error","timestamp":"2025-09-04T10:48:13.429Z"}
{"error":{"address":"::","code":"EADDRINUSE","errno":-4091,"port":3001,"syscall":"listen"},"level":"error","message":"Server error","timestamp":"2025-09-04T10:48:17.278Z"}
{"error":{"address":"::","code":"EADDRINUSE","errno":-4091,"port":3001,"syscall":"listen"},"level":"error","message":"Server error","timestamp":"2025-09-04T10:48:17.323Z"}
{"error":{"address":"::","code":"EADDRINUSE","errno":-4091,"port":3001,"syscall":"listen"},"level":"error","message":"Server error","timestamp":"2025-09-04T10:48:22.648Z"}
{"error":{"address":"::","code":"EADDRINUSE","errno":-4091,"port":3001,"syscall":"listen"},"level":"error","message":"Server error","timestamp":"2025-09-04T10:48:22.797Z"}
{"code":"INVALID_TOKEN","level":"error","message":"Auth controller error Invalid or expired activation token","statusCode":400,"timestamp":"2025-09-04T10:48:24.279Z"}
{"code":"INVALID_TOKEN","level":"error","message":"Auth controller error Invalid or expired activation token","statusCode":400,"timestamp":"2025-09-04T10:48:24.292Z"}
{"code":"INVALID_TOKEN","level":"error","message":"Auth controller error Invalid or expired activation token","statusCode":400,"timestamp":"2025-09-04T10:48:24.301Z"}
{"code":"INVALID_TOKEN","level":"error","message":"Auth controller error Invalid or expired activation token","statusCode":400,"timestamp":"2025-09-04T10:48:24.304Z"}
{"code":"INVALID_TOKEN","level":"error","message":"Auth controller error Invalid or expired activation token","statusCode":400,"timestamp":"2025-09-04T10:48:24.305Z"}
{"code":"INVALID_TOKEN","level":"error","message":"Auth controller error Invalid or expired activation token","statusCode":400,"timestamp":"2025-09-04T10:48:24.307Z"}
{"code":"INVALID_TOKEN","level":"error","message":"Auth controller error Invalid or expired activation token","statusCode":400,"timestamp":"2025-09-04T10:48:24.309Z"}
{"code":"INVALID_TOKEN","level":"error","message":"Auth controller error Invalid or expired activation token","statusCode":400,"timestamp":"2025-09-04T10:48:24.311Z"}
{"code":"INVALID_TOKEN","level":"error","message":"Auth controller error Invalid or expired activation token","statusCode":400,"timestamp":"2025-09-04T10:48:24.323Z"}
{"code":"INVALID_TOKEN","level":"error","message":"Auth controller error Invalid or expired activation token","statusCode":400,"timestamp":"2025-09-04T10:48:24.324Z"}
{"code":"INVALID_TOKEN","level":"error","message":"Auth controller error Invalid or expired activation token","statusCode":400,"timestamp":"2025-09-04T10:48:24.326Z"}
{"code":"INVALID_TOKEN","level":"error","message":"Auth controller error Invalid or expired activation token","statusCode":400,"timestamp":"2025-09-04T10:48:24.328Z"}
{"code":"INVALID_TOKEN","level":"error","message":"Auth controller error Invalid or expired activation token","statusCode":400,"timestamp":"2025-09-04T10:48:24.329Z"}
{"code":"INVALID_TOKEN","level":"error","message":"Auth controller error Invalid or expired activation token","statusCode":400,"timestamp":"2025-09-04T10:48:24.331Z"}
{"code":"INVALID_TOKEN","level":"error","message":"Auth controller error Invalid or expired activation token","statusCode":400,"timestamp":"2025-09-04T10:48:24.341Z"}
{"code":"INVALID_TOKEN","level":"error","message":"Auth controller error Invalid or expired activation token","statusCode":400,"timestamp":"2025-09-04T10:48:24.343Z"}
{"code":"INVALID_TOKEN","level":"error","message":"Auth controller error Invalid or expired activation token","statusCode":400,"timestamp":"2025-09-04T10:48:24.345Z"}
{"code":"INVALID_TOKEN","level":"error","message":"Auth controller error Invalid or expired activation token","statusCode":400,"timestamp":"2025-09-04T10:48:24.346Z"}
{"code":"INVALID_TOKEN","level":"error","message":"Auth controller error Invalid or expired activation token","statusCode":400,"timestamp":"2025-09-04T10:48:24.348Z"}
{"code":"INVALID_TOKEN","level":"error","message":"Auth controller error Invalid or expired activation token","statusCode":400,"timestamp":"2025-09-04T10:48:24.349Z"}
{"code":"INVALID_TOKEN","level":"error","message":"Auth controller error Invalid or expired activation token","statusCode":400,"timestamp":"2025-09-04T10:48:24.359Z"}
{"code":"INVALID_TOKEN","level":"error","message":"Auth controller error Invalid or expired activation token","statusCode":400,"timestamp":"2025-09-04T10:48:24.360Z"}
{"code":"INVALID_TOKEN","level":"error","message":"Auth controller error Invalid or expired activation token","statusCode":400,"timestamp":"2025-09-04T10:48:24.361Z"}
{"code":"INVALID_TOKEN","level":"error","message":"Auth controller error Invalid or expired activation token","statusCode":400,"timestamp":"2025-09-04T10:48:24.363Z"}
{"code":"INVALID_TOKEN","level":"error","message":"Auth controller error Invalid or expired activation token","statusCode":400,"timestamp":"2025-09-04T10:48:24.365Z"}
{"code":"INVALID_TOKEN","level":"error","message":"Auth controller error Invalid or expired activation token","statusCode":400,"timestamp":"2025-09-04T10:48:24.367Z"}
{"code":"INVALID_TOKEN","level":"error","message":"Auth controller error Invalid or expired activation token","statusCode":400,"timestamp":"2025-09-04T10:48:24.375Z"}
{"code":"INVALID_TOKEN","level":"error","message":"Auth controller error Invalid or expired activation token","statusCode":400,"timestamp":"2025-09-04T10:48:24.377Z"}
{"code":"INVALID_TOKEN","level":"error","message":"Auth controller error Invalid or expired activation token","statusCode":400,"timestamp":"2025-09-04T10:48:24.378Z"}
{"code":"INVALID_TOKEN","level":"error","message":"Auth controller error Invalid or expired activation token","statusCode":400,"timestamp":"2025-09-04T10:48:24.380Z"}
{"code":"INVALID_TOKEN","level":"error","message":"Auth controller error Invalid or expired activation token","statusCode":400,"timestamp":"2025-09-04T10:48:24.381Z"}
{"code":"INVALID_TOKEN","level":"error","message":"Auth controller error Invalid or expired activation token","statusCode":400,"timestamp":"2025-09-04T10:48:24.382Z"}
{"code":"INVALID_TOKEN","level":"error","message":"Auth controller error Invalid or expired activation token","statusCode":400,"timestamp":"2025-09-04T10:48:24.391Z"}
{"code":"INVALID_TOKEN","level":"error","message":"Auth controller error Invalid or expired activation token","statusCode":400,"timestamp":"2025-09-04T10:48:24.393Z"}
{"code":"INVALID_TOKEN","level":"error","message":"Auth controller error Invalid or expired activation token","statusCode":400,"timestamp":"2025-09-04T10:48:24.394Z"}
{"code":"INVALID_TOKEN","level":"error","message":"Auth controller error Invalid or expired activation token","statusCode":400,"timestamp":"2025-09-04T10:48:24.395Z"}
{"code":"INVALID_TOKEN","level":"error","message":"Auth controller error Invalid or expired activation token","statusCode":400,"timestamp":"2025-09-04T10:48:24.396Z"}
{"code":"INVALID_TOKEN","level":"error","message":"Auth controller error Invalid or expired activation token","statusCode":400,"timestamp":"2025-09-04T10:48:24.398Z"}
{"code":"INVALID_TOKEN","level":"error","message":"Auth controller error Invalid or expired activation token","statusCode":400,"timestamp":"2025-09-04T10:48:24.406Z"}
{"code":"INVALID_TOKEN","level":"error","message":"Auth controller error Invalid or expired activation token","statusCode":400,"timestamp":"2025-09-04T10:48:24.408Z"}
{"code":"INVALID_TOKEN","level":"error","message":"Auth controller error Invalid or expired activation token","statusCode":400,"timestamp":"2025-09-04T10:48:24.409Z"}
{"code":"INVALID_TOKEN","level":"error","message":"Auth controller error Invalid or expired activation token","statusCode":400,"timestamp":"2025-09-04T10:48:24.411Z"}
{"code":"INVALID_TOKEN","level":"error","message":"Auth controller error Invalid or expired activation token","statusCode":400,"timestamp":"2025-09-04T10:48:24.413Z"}
{"code":"INVALID_TOKEN","level":"error","message":"Auth controller error Invalid or expired activation token","statusCode":400,"timestamp":"2025-09-04T10:48:24.414Z"}
{"code":"INVALID_TOKEN","level":"error","message":"Auth controller error Invalid or expired activation token","statusCode":400,"timestamp":"2025-09-04T10:48:24.422Z"}
{"code":"INVALID_TOKEN","level":"error","message":"Auth controller error Invalid or expired activation token","statusCode":400,"timestamp":"2025-09-04T10:48:24.424Z"}
{"code":"INVALID_TOKEN","level":"error","message":"Auth controller error Invalid or expired activation token","statusCode":400,"timestamp":"2025-09-04T10:48:24.425Z"}
{"code":"INVALID_TOKEN","level":"error","message":"Auth controller error Invalid or expired activation token","statusCode":400,"timestamp":"2025-09-04T10:48:24.429Z"}
{"code":"INVALID_TOKEN","level":"error","message":"Auth controller error Invalid or expired activation token","statusCode":400,"timestamp":"2025-09-04T10:48:24.430Z"}
{"code":"INVALID_TOKEN","level":"error","message":"Auth controller error Invalid or expired activation token","statusCode":400,"timestamp":"2025-09-04T10:48:24.431Z"}
{"code":"INVALID_TOKEN","level":"error","message":"Auth controller error Invalid or expired activation token","statusCode":400,"timestamp":"2025-09-04T10:48:24.439Z"}
{"code":"INVALID_TOKEN","level":"error","message":"Auth controller error Invalid or expired activation token","statusCode":400,"timestamp":"2025-09-04T10:48:24.440Z"}
{"code":"INVALID_TOKEN","level":"error","message":"Auth controller error Invalid or expired activation token","statusCode":400,"timestamp":"2025-09-04T10:48:24.441Z"}
{"code":"INVALID_TOKEN","level":"error","message":"Auth controller error Invalid or expired activation token","statusCode":400,"timestamp":"2025-09-04T10:48:24.442Z"}
{"code":"INVALID_TOKEN","level":"error","message":"Auth controller error Invalid or expired activation token","statusCode":400,"timestamp":"2025-09-04T10:48:24.444Z"}
{"error":{"address":"::","code":"EADDRINUSE","errno":-4091,"port":3001,"syscall":"listen"},"level":"error","message":"Server error","timestamp":"2025-09-04T10:48:58.894Z"}
{"error":{"address":"::","code":"EADDRINUSE","errno":-4091,"port":3001,"syscall":"listen"},"level":"error","message":"Server error","timestamp":"2025-09-04T10:48:59.140Z"}
{"code":"INVALID_TOKEN","level":"error","message":"Auth controller error Invalid or expired activation token","statusCode":400,"timestamp":"2025-09-04T10:49:00.650Z"}
{"code":"INVALID_TOKEN","level":"error","message":"Auth controller error Invalid or expired activation token","statusCode":400,"timestamp":"2025-09-04T10:49:00.662Z"}
{"code":"INVALID_TOKEN","level":"error","message":"Auth controller error Invalid or expired activation token","statusCode":400,"timestamp":"2025-09-04T10:49:00.671Z"}
{"code":"INVALID_TOKEN","level":"error","message":"Auth controller error Invalid or expired activation token","statusCode":400,"timestamp":"2025-09-04T10:49:00.673Z"}
{"code":"INVALID_TOKEN","level":"error","message":"Auth controller error Invalid or expired activation token","statusCode":400,"timestamp":"2025-09-04T10:49:00.674Z"}
{"code":"INVALID_TOKEN","level":"error","message":"Auth controller error Invalid or expired activation token","statusCode":400,"timestamp":"2025-09-04T10:49:00.677Z"}
{"code":"INVALID_TOKEN","level":"error","message":"Auth controller error Invalid or expired activation token","statusCode":400,"timestamp":"2025-09-04T10:49:00.678Z"}
{"code":"INVALID_TOKEN","level":"error","message":"Auth controller error Invalid or expired activation token","statusCode":400,"timestamp":"2025-09-04T10:49:00.680Z"}
{"code":"INVALID_TOKEN","level":"error","message":"Auth controller error Invalid or expired activation token","statusCode":400,"timestamp":"2025-09-04T10:49:00.689Z"}
{"code":"INVALID_TOKEN","level":"error","message":"Auth controller error Invalid or expired activation token","statusCode":400,"timestamp":"2025-09-04T10:49:00.690Z"}
{"code":"INVALID_TOKEN","level":"error","message":"Auth controller error Invalid or expired activation token","statusCode":400,"timestamp":"2025-09-04T10:49:00.692Z"}
{"code":"INVALID_TOKEN","level":"error","message":"Auth controller error Invalid or expired activation token","statusCode":400,"timestamp":"2025-09-04T10:49:00.693Z"}
{"code":"INVALID_TOKEN","level":"error","message":"Auth controller error Invalid or expired activation token","statusCode":400,"timestamp":"2025-09-04T10:49:00.695Z"}
{"code":"INVALID_TOKEN","level":"error","message":"Auth controller error Invalid or expired activation token","statusCode":400,"timestamp":"2025-09-04T10:49:00.697Z"}
{"code":"INVALID_TOKEN","level":"error","message":"Auth controller error Invalid or expired activation token","statusCode":400,"timestamp":"2025-09-04T10:49:00.710Z"}
{"code":"INVALID_TOKEN","level":"error","message":"Auth controller error Invalid or expired activation token","statusCode":400,"timestamp":"2025-09-04T10:49:00.712Z"}
{"code":"INVALID_TOKEN","level":"error","message":"Auth controller error Invalid or expired activation token","statusCode":400,"timestamp":"2025-09-04T10:49:00.713Z"}
{"code":"INVALID_TOKEN","level":"error","message":"Auth controller error Invalid or expired activation token","statusCode":400,"timestamp":"2025-09-04T10:49:00.715Z"}
{"code":"INVALID_TOKEN","level":"error","message":"Auth controller error Invalid or expired activation token","statusCode":400,"timestamp":"2025-09-04T10:49:00.716Z"}
{"code":"INVALID_TOKEN","level":"error","message":"Auth controller error Invalid or expired activation token","statusCode":400,"timestamp":"2025-09-04T10:49:00.718Z"}
{"code":"INVALID_TOKEN","level":"error","message":"Auth controller error Invalid or expired activation token","statusCode":400,"timestamp":"2025-09-04T10:49:00.724Z"}
{"code":"INVALID_TOKEN","level":"error","message":"Auth controller error Invalid or expired activation token","statusCode":400,"timestamp":"2025-09-04T10:49:00.726Z"}
{"code":"INVALID_TOKEN","level":"error","message":"Auth controller error Invalid or expired activation token","statusCode":400,"timestamp":"2025-09-04T10:49:00.728Z"}
{"code":"INVALID_TOKEN","level":"error","message":"Auth controller error Invalid or expired activation token","statusCode":400,"timestamp":"2025-09-04T10:49:00.729Z"}
{"code":"INVALID_TOKEN","level":"error","message":"Auth controller error Invalid or expired activation token","statusCode":400,"timestamp":"2025-09-04T10:49:00.730Z"}
{"code":"INVALID_TOKEN","level":"error","message":"Auth controller error Invalid or expired activation token","statusCode":400,"timestamp":"2025-09-04T10:49:00.731Z"}
{"code":"INVALID_TOKEN","level":"error","message":"Auth controller error Invalid or expired activation token","statusCode":400,"timestamp":"2025-09-04T10:49:00.738Z"}
{"code":"INVALID_TOKEN","level":"error","message":"Auth controller error Invalid or expired activation token","statusCode":400,"timestamp":"2025-09-04T10:49:00.739Z"}
{"code":"INVALID_TOKEN","level":"error","message":"Auth controller error Invalid or expired activation token","statusCode":400,"timestamp":"2025-09-04T10:49:00.740Z"}
{"code":"INVALID_TOKEN","level":"error","message":"Auth controller error Invalid or expired activation token","statusCode":400,"timestamp":"2025-09-04T10:49:00.741Z"}
{"code":"INVALID_TOKEN","level":"error","message":"Auth controller error Invalid or expired activation token","statusCode":400,"timestamp":"2025-09-04T10:49:00.742Z"}
{"code":"INVALID_TOKEN","level":"error","message":"Auth controller error Invalid or expired activation token","statusCode":400,"timestamp":"2025-09-04T10:49:00.743Z"}
{"code":"INVALID_TOKEN","level":"error","message":"Auth controller error Invalid or expired activation token","statusCode":400,"timestamp":"2025-09-04T10:49:00.752Z"}
{"code":"INVALID_TOKEN","level":"error","message":"Auth controller error Invalid or expired activation token","statusCode":400,"timestamp":"2025-09-04T10:49:00.753Z"}
{"code":"INVALID_TOKEN","level":"error","message":"Auth controller error Invalid or expired activation token","statusCode":400,"timestamp":"2025-09-04T10:49:00.754Z"}
{"code":"INVALID_TOKEN","level":"error","message":"Auth controller error Invalid or expired activation token","statusCode":400,"timestamp":"2025-09-04T10:49:00.756Z"}
{"code":"INVALID_TOKEN","level":"error","message":"Auth controller error Invalid or expired activation token","statusCode":400,"timestamp":"2025-09-04T10:49:00.757Z"}
{"code":"INVALID_TOKEN","level":"error","message":"Auth controller error Invalid or expired activation token","statusCode":400,"timestamp":"2025-09-04T10:49:00.759Z"}
{"code":"INVALID_TOKEN","level":"error","message":"Auth controller error Invalid or expired activation token","statusCode":400,"timestamp":"2025-09-04T10:49:00.765Z"}
{"code":"INVALID_TOKEN","level":"error","message":"Auth controller error Invalid or expired activation token","statusCode":400,"timestamp":"2025-09-04T10:49:00.767Z"}
{"code":"INVALID_TOKEN","level":"error","message":"Auth controller error Invalid or expired activation token","statusCode":400,"timestamp":"2025-09-04T10:49:00.768Z"}
{"code":"INVALID_TOKEN","level":"error","message":"Auth controller error Invalid or expired activation token","statusCode":400,"timestamp":"2025-09-04T10:49:00.770Z"}
{"code":"INVALID_TOKEN","level":"error","message":"Auth controller error Invalid or expired activation token","statusCode":400,"timestamp":"2025-09-04T10:49:00.772Z"}
{"code":"INVALID_TOKEN","level":"error","message":"Auth controller error Invalid or expired activation token","statusCode":400,"timestamp":"2025-09-04T10:49:00.773Z"}
{"code":"INVALID_TOKEN","level":"error","message":"Auth controller error Invalid or expired activation token","statusCode":400,"timestamp":"2025-09-04T10:49:00.781Z"}
{"code":"INVALID_TOKEN","level":"error","message":"Auth controller error Invalid or expired activation token","statusCode":400,"timestamp":"2025-09-04T10:49:00.782Z"}
{"code":"INVALID_TOKEN","level":"error","message":"Auth controller error Invalid or expired activation token","statusCode":400,"timestamp":"2025-09-04T10:49:00.783Z"}
{"code":"INVALID_TOKEN","level":"error","message":"Auth controller error Invalid or expired activation token","statusCode":400,"timestamp":"2025-09-04T10:49:00.785Z"}
{"code":"INVALID_TOKEN","level":"error","message":"Auth controller error Invalid or expired activation token","statusCode":400,"timestamp":"2025-09-04T10:49:00.787Z"}
{"code":"INVALID_TOKEN","level":"error","message":"Auth controller error Invalid or expired activation token","statusCode":400,"timestamp":"2025-09-04T10:49:00.788Z"}
{"code":"INVALID_TOKEN","level":"error","message":"Auth controller error Invalid or expired activation token","statusCode":400,"timestamp":"2025-09-04T10:49:00.795Z"}
{"code":"INVALID_TOKEN","level":"error","message":"Auth controller error Invalid or expired activation token","statusCode":400,"timestamp":"2025-09-04T10:49:00.797Z"}
{"code":"INVALID_TOKEN","level":"error","message":"Auth controller error Invalid or expired activation token","statusCode":400,"timestamp":"2025-09-04T10:49:00.798Z"}
{"code":"INVALID_TOKEN","level":"error","message":"Auth controller error Invalid or expired activation token","statusCode":400,"timestamp":"2025-09-04T10:49:00.799Z"}
{"code":"INVALID_TOKEN","level":"error","message":"Auth controller error Invalid or expired activation token","statusCode":400,"timestamp":"2025-09-04T10:49:00.801Z"}
{"code":"INVALID_TOKEN","level":"error","message":"Auth controller error Invalid or expired activation token","statusCode":400,"timestamp":"2025-09-04T10:49:13.310Z"}
{"code":"INVALID_TOKEN","level":"error","message":"Auth controller error Invalid or expired activation token","statusCode":400,"timestamp":"2025-09-04T10:49:13.312Z"}
{"code":"INVALID_TOKEN","level":"error","message":"Auth controller error Invalid or expired activation token","statusCode":400,"timestamp":"2025-09-04T10:49:13.313Z"}
{"code":"INVALID_TOKEN","level":"error","message":"Auth controller error Invalid or expired activation token","statusCode":400,"timestamp":"2025-09-04T10:49:13.315Z"}
{"code":"INVALID_TOKEN","level":"error","message":"Auth controller error Invalid or expired activation token","statusCode":400,"timestamp":"2025-09-04T10:49:13.320Z"}
{"code":"INVALID_TOKEN","level":"error","message":"Auth controller error Invalid or expired activation token","statusCode":400,"timestamp":"2025-09-04T10:49:13.321Z"}
{"code":"INVALID_TOKEN","level":"error","message":"Auth controller error Invalid or expired activation token","statusCode":400,"timestamp":"2025-09-04T10:49:13.322Z"}
{"code":"INVALID_TOKEN","level":"error","message":"Auth controller error Invalid or expired activation token","statusCode":400,"timestamp":"2025-09-04T10:49:13.323Z"}
{"code":"INVALID_TOKEN","level":"error","message":"Auth controller error Invalid or expired activation token","statusCode":400,"timestamp":"2025-09-04T10:49:13.324Z"}
{"code":"INVALID_TOKEN","level":"error","message":"Auth controller error Invalid or expired activation token","statusCode":400,"timestamp":"2025-09-04T10:49:13.325Z"}
{"code":"INVALID_TOKEN","level":"error","message":"Auth controller error Invalid or expired activation token","statusCode":400,"timestamp":"2025-09-04T10:49:13.334Z"}
{"code":"INVALID_TOKEN","level":"error","message":"Auth controller error Invalid or expired activation token","statusCode":400,"timestamp":"2025-09-04T10:49:13.336Z"}
{"code":"INVALID_TOKEN","level":"error","message":"Auth controller error Invalid or expired activation token","statusCode":400,"timestamp":"2025-09-04T10:49:13.337Z"}
{"code":"INVALID_TOKEN","level":"error","message":"Auth controller error Invalid or expired activation token","statusCode":400,"timestamp":"2025-09-04T10:49:13.338Z"}
{"code":"INVALID_TOKEN","level":"error","message":"Auth controller error Invalid or expired activation token","statusCode":400,"timestamp":"2025-09-04T10:49:13.339Z"}
{"code":"INVALID_TOKEN","level":"error","message":"Auth controller error Invalid or expired activation token","statusCode":400,"timestamp":"2025-09-04T10:49:13.340Z"}
{"code":"INVALID_TOKEN","level":"error","message":"Auth controller error Invalid or expired activation token","statusCode":400,"timestamp":"2025-09-04T10:49:13.347Z"}
{"code":"INVALID_TOKEN","level":"error","message":"Auth controller error Invalid or expired activation token","statusCode":400,"timestamp":"2025-09-04T10:49:13.348Z"}
{"code":"INVALID_TOKEN","level":"error","message":"Auth controller error Invalid or expired activation token","statusCode":400,"timestamp":"2025-09-04T10:49:13.349Z"}
{"code":"INVALID_TOKEN","level":"error","message":"Auth controller error Invalid or expired activation token","statusCode":400,"timestamp":"2025-09-04T10:49:13.350Z"}
{"code":"INVALID_TOKEN","level":"error","message":"Auth controller error Invalid or expired activation token","statusCode":400,"timestamp":"2025-09-04T10:49:13.351Z"}
{"code":"INVALID_TOKEN","level":"error","message":"Auth controller error Invalid or expired activation token","statusCode":400,"timestamp":"2025-09-04T10:49:13.353Z"}
{"code":"INVALID_TOKEN","level":"error","message":"Auth controller error Invalid or expired activation token","statusCode":400,"timestamp":"2025-09-04T10:49:13.359Z"}
{"code":"INVALID_TOKEN","level":"error","message":"Auth controller error Invalid or expired activation token","statusCode":400,"timestamp":"2025-09-04T10:49:13.360Z"}
{"code":"INVALID_TOKEN","level":"error","message":"Auth controller error Invalid or expired activation token","statusCode":400,"timestamp":"2025-09-04T10:49:13.362Z"}
{"code":"INVALID_TOKEN","level":"error","message":"Auth controller error Invalid or expired activation token","statusCode":400,"timestamp":"2025-09-04T10:49:13.363Z"}
{"code":"INVALID_TOKEN","level":"error","message":"Auth controller error Invalid or expired activation token","statusCode":400,"timestamp":"2025-09-04T10:49:13.363Z"}
{"code":"INVALID_TOKEN","level":"error","message":"Auth controller error Invalid or expired activation token","statusCode":400,"timestamp":"2025-09-04T10:49:13.364Z"}
{"code":"INVALID_TOKEN","level":"error","message":"Auth controller error Invalid or expired activation token","statusCode":400,"timestamp":"2025-09-04T10:49:13.370Z"}
{"code":"INVALID_TOKEN","level":"error","message":"Auth controller error Invalid or expired activation token","statusCode":400,"timestamp":"2025-09-04T10:49:13.371Z"}
{"code":"INVALID_TOKEN","level":"error","message":"Auth controller error Invalid or expired activation token","statusCode":400,"timestamp":"2025-09-04T10:49:13.373Z"}
{"code":"INVALID_TOKEN","level":"error","message":"Auth controller error Invalid or expired activation token","statusCode":400,"timestamp":"2025-09-04T10:49:13.374Z"}
{"code":"INVALID_TOKEN","level":"error","message":"Auth controller error Invalid or expired activation token","statusCode":400,"timestamp":"2025-09-04T10:49:13.375Z"}
{"code":"INVALID_TOKEN","level":"error","message":"Auth controller error Invalid or expired activation token","statusCode":400,"timestamp":"2025-09-04T10:49:13.376Z"}
{"code":"INVALID_TOKEN","level":"error","message":"Auth controller error Invalid or expired activation token","statusCode":400,"timestamp":"2025-09-04T10:49:13.382Z"}
{"code":"INVALID_TOKEN","level":"error","message":"Auth controller error Invalid or expired activation token","statusCode":400,"timestamp":"2025-09-04T10:49:13.384Z"}
{"code":"INVALID_TOKEN","level":"error","message":"Auth controller error Invalid or expired activation token","statusCode":400,"timestamp":"2025-09-04T10:49:13.385Z"}
{"code":"INVALID_TOKEN","level":"error","message":"Auth controller error Invalid or expired activation token","statusCode":400,"timestamp":"2025-09-04T10:49:13.386Z"}
{"code":"INVALID_TOKEN","level":"error","message":"Auth controller error Invalid or expired activation token","statusCode":400,"timestamp":"2025-09-04T10:49:13.388Z"}
{"code":"INVALID_TOKEN","level":"error","message":"Auth controller error Invalid or expired activation token","statusCode":400,"timestamp":"2025-09-04T10:49:13.389Z"}
{"code":"INVALID_TOKEN","level":"error","message":"Auth controller error Invalid or expired activation token","statusCode":400,"timestamp":"2025-09-04T10:49:13.395Z"}
{"code":"INVALID_TOKEN","level":"error","message":"Auth controller error Invalid or expired activation token","statusCode":400,"timestamp":"2025-09-04T10:49:13.396Z"}
{"code":"INVALID_TOKEN","level":"error","message":"Auth controller error Invalid or expired activation token","statusCode":400,"timestamp":"2025-09-04T10:49:13.397Z"}
{"code":"INVALID_TOKEN","level":"error","message":"Auth controller error Invalid or expired activation token","statusCode":400,"timestamp":"2025-09-04T10:49:13.398Z"}
{"code":"INVALID_TOKEN","level":"error","message":"Auth controller error Invalid or expired activation token","statusCode":400,"timestamp":"2025-09-04T10:49:13.399Z"}
{"error":{"address":"::","code":"EADDRINUSE","errno":-4091,"port":3001,"syscall":"listen"},"level":"error","message":"Server error","timestamp":"2025-09-04T10:49:39.701Z"}
{"error":{"address":"::","code":"EADDRINUSE","errno":-4091,"port":3001,"syscall":"listen"},"level":"error","message":"Server error","timestamp":"2025-09-04T10:49:39.764Z"}
{"code":"INVALID_TOKEN","level":"error","message":"Auth controller error Invalid or expired activation token","statusCode":400,"timestamp":"2025-09-04T10:50:07.040Z"}
{"code":"INVALID_TOKEN","level":"error","message":"Auth controller error Invalid or expired activation token","statusCode":400,"timestamp":"2025-09-04T10:50:07.064Z"}
{"code":"INVALID_TOKEN","level":"error","message":"Auth controller error Invalid or expired activation token","statusCode":400,"timestamp":"2025-09-04T10:50:07.079Z"}
{"code":"INVALID_TOKEN","level":"error","message":"Auth controller error Invalid or expired activation token","statusCode":400,"timestamp":"2025-09-04T10:50:07.083Z"}
{"code":"INVALID_TOKEN","level":"error","message":"Auth controller error Invalid or expired activation token","statusCode":400,"timestamp":"2025-09-04T10:50:07.086Z"}
{"code":"INVALID_TOKEN","level":"error","message":"Auth controller error Invalid or expired activation token","statusCode":400,"timestamp":"2025-09-04T10:50:07.088Z"}
{"code":"INVALID_TOKEN","level":"error","message":"Auth controller error Invalid or expired activation token","statusCode":400,"timestamp":"2025-09-04T10:50:07.092Z"}
{"code":"INVALID_TOKEN","level":"error","message":"Auth controller error Invalid or expired activation token","statusCode":400,"timestamp":"2025-09-04T10:50:07.095Z"}
{"code":"INVALID_TOKEN","level":"error","message":"Auth controller error Invalid or expired activation token","statusCode":400,"timestamp":"2025-09-04T10:50:07.116Z"}
{"code":"INVALID_TOKEN","level":"error","message":"Auth controller error Invalid or expired activation token","statusCode":400,"timestamp":"2025-09-04T10:50:07.119Z"}
{"code":"INVALID_TOKEN","level":"error","message":"Auth controller error Invalid or expired activation token","statusCode":400,"timestamp":"2025-09-04T10:50:07.122Z"}
{"code":"INVALID_TOKEN","level":"error","message":"Auth controller error Invalid or expired activation token","statusCode":400,"timestamp":"2025-09-04T10:50:07.124Z"}
{"code":"INVALID_TOKEN","level":"error","message":"Auth controller error Invalid or expired activation token","statusCode":400,"timestamp":"2025-09-04T10:50:07.127Z"}
{"code":"INVALID_TOKEN","level":"error","message":"Auth controller error Invalid or expired activation token","statusCode":400,"timestamp":"2025-09-04T10:50:07.130Z"}
{"code":"INVALID_TOKEN","level":"error","message":"Auth controller error Invalid or expired activation token","statusCode":400,"timestamp":"2025-09-04T10:50:07.150Z"}
{"code":"INVALID_TOKEN","level":"error","message":"Auth controller error Invalid or expired activation token","statusCode":400,"timestamp":"2025-09-04T10:50:07.153Z"}
{"code":"INVALID_TOKEN","level":"error","message":"Auth controller error Invalid or expired activation token","statusCode":400,"timestamp":"2025-09-04T10:50:07.155Z"}
{"code":"INVALID_TOKEN","level":"error","message":"Auth controller error Invalid or expired activation token","statusCode":400,"timestamp":"2025-09-04T10:50:07.158Z"}
{"code":"INVALID_TOKEN","level":"error","message":"Auth controller error Invalid or expired activation token","statusCode":400,"timestamp":"2025-09-04T10:50:07.161Z"}
{"code":"INVALID_TOKEN","level":"error","message":"Auth controller error Invalid or expired activation token","statusCode":400,"timestamp":"2025-09-04T10:50:07.164Z"}
{"code":"INVALID_TOKEN","level":"error","message":"Auth controller error Invalid or expired activation token","statusCode":400,"timestamp":"2025-09-04T10:50:07.192Z"}
{"code":"INVALID_TOKEN","level":"error","message":"Auth controller error Invalid or expired activation token","statusCode":400,"timestamp":"2025-09-04T10:50:07.195Z"}
{"code":"INVALID_TOKEN","level":"error","message":"Auth controller error Invalid or expired activation token","statusCode":400,"timestamp":"2025-09-04T10:50:07.198Z"}
{"code":"INVALID_TOKEN","level":"error","message":"Auth controller error Invalid or expired activation token","statusCode":400,"timestamp":"2025-09-04T10:50:07.201Z"}
{"code":"INVALID_TOKEN","level":"error","message":"Auth controller error Invalid or expired activation token","statusCode":400,"timestamp":"2025-09-04T10:50:07.203Z"}
{"code":"INVALID_TOKEN","level":"error","message":"Auth controller error Invalid or expired activation token","statusCode":400,"timestamp":"2025-09-04T10:50:07.205Z"}
{"code":"INVALID_TOKEN","level":"error","message":"Auth controller error Invalid or expired activation token","statusCode":400,"timestamp":"2025-09-04T10:50:07.229Z"}
{"code":"INVALID_TOKEN","level":"error","message":"Auth controller error Invalid or expired activation token","statusCode":400,"timestamp":"2025-09-04T10:50:07.233Z"}
{"code":"INVALID_TOKEN","level":"error","message":"Auth controller error Invalid or expired activation token","statusCode":400,"timestamp":"2025-09-04T10:50:07.236Z"}
{"code":"INVALID_TOKEN","level":"error","message":"Auth controller error Invalid or expired activation token","statusCode":400,"timestamp":"2025-09-04T10:50:07.238Z"}
{"code":"INVALID_TOKEN","level":"error","message":"Auth controller error Invalid or expired activation token","statusCode":400,"timestamp":"2025-09-04T10:50:07.241Z"}
{"code":"INVALID_TOKEN","level":"error","message":"Auth controller error Invalid or expired activation token","statusCode":400,"timestamp":"2025-09-04T10:50:07.245Z"}
{"code":"INVALID_TOKEN","level":"error","message":"Auth controller error Invalid or expired activation token","statusCode":400,"timestamp":"2025-09-04T10:50:07.264Z"}
{"code":"INVALID_TOKEN","level":"error","message":"Auth controller error Invalid or expired activation token","statusCode":400,"timestamp":"2025-09-04T10:50:07.268Z"}
{"code":"INVALID_TOKEN","level":"error","message":"Auth controller error Invalid or expired activation token","statusCode":400,"timestamp":"2025-09-04T10:50:07.270Z"}
{"code":"INVALID_TOKEN","level":"error","message":"Auth controller error Invalid or expired activation token","statusCode":400,"timestamp":"2025-09-04T10:50:07.273Z"}
{"code":"INVALID_TOKEN","level":"error","message":"Auth controller error Invalid or expired activation token","statusCode":400,"timestamp":"2025-09-04T10:50:07.275Z"}
{"code":"INVALID_TOKEN","level":"error","message":"Auth controller error Invalid or expired activation token","statusCode":400,"timestamp":"2025-09-04T10:50:07.276Z"}
{"code":"INVALID_TOKEN","level":"error","message":"Auth controller error Invalid or expired activation token","statusCode":400,"timestamp":"2025-09-04T10:50:07.290Z"}
{"code":"INVALID_TOKEN","level":"error","message":"Auth controller error Invalid or expired activation token","statusCode":400,"timestamp":"2025-09-04T10:50:07.293Z"}
{"code":"INVALID_TOKEN","level":"error","message":"Auth controller error Invalid or expired activation token","statusCode":400,"timestamp":"2025-09-04T10:50:07.295Z"}
{"code":"INVALID_TOKEN","level":"error","message":"Auth controller error Invalid or expired activation token","statusCode":400,"timestamp":"2025-09-04T10:50:07.297Z"}
{"code":"INVALID_TOKEN","level":"error","message":"Auth controller error Invalid or expired activation token","statusCode":400,"timestamp":"2025-09-04T10:50:07.301Z"}
{"code":"INVALID_TOKEN","level":"error","message":"Auth controller error Invalid or expired activation token","statusCode":400,"timestamp":"2025-09-04T10:50:07.307Z"}
{"code":"INVALID_TOKEN","level":"error","message":"Auth controller error Invalid or expired activation token","statusCode":400,"timestamp":"2025-09-04T10:50:07.312Z"}
{"code":"INVALID_TOKEN","level":"error","message":"Auth controller error Invalid or expired activation token","statusCode":400,"timestamp":"2025-09-04T10:50:07.314Z"}
{"code":"INVALID_TOKEN","level":"error","message":"Auth controller error Invalid or expired activation token","statusCode":400,"timestamp":"2025-09-04T10:50:07.315Z"}
{"code":"INVALID_TOKEN","level":"error","message":"Auth controller error Invalid or expired activation token","statusCode":400,"timestamp":"2025-09-04T10:50:07.319Z"}
{"code":"INVALID_TOKEN","level":"error","message":"Auth controller error Invalid or expired activation token","statusCode":400,"timestamp":"2025-09-04T10:50:07.328Z"}
{"code":"INVALID_TOKEN","level":"error","message":"Auth controller error Invalid or expired activation token","statusCode":400,"timestamp":"2025-09-04T10:50:07.334Z"}
{"code":"INVALID_TOKEN","level":"error","message":"Auth controller error Invalid or expired activation token","statusCode":400,"timestamp":"2025-09-04T10:50:07.335Z"}
{"code":"INVALID_TOKEN","level":"error","message":"Auth controller error Invalid or expired activation token","statusCode":400,"timestamp":"2025-09-04T10:50:07.338Z"}
{"code":"INVALID_TOKEN","level":"error","message":"Auth controller error Invalid or expired activation token","statusCode":400,"timestamp":"2025-09-04T10:50:07.339Z"}
{"code":"INVALID_TOKEN","level":"error","message":"Auth controller error Invalid or expired activation token","statusCode":400,"timestamp":"2025-09-04T10:50:07.341Z"}
{"code":"INVALID_TOKEN","level":"error","message":"Auth controller error Invalid or expired activation token","statusCode":400,"timestamp":"2025-09-04T10:50:19.735Z"}
{"code":"INVALID_TOKEN","level":"error","message":"Auth controller error Invalid or expired activation token","statusCode":400,"timestamp":"2025-09-04T10:50:19.737Z"}
{"code":"INVALID_TOKEN","level":"error","message":"Auth controller error Invalid or expired activation token","statusCode":400,"timestamp":"2025-09-04T10:50:19.739Z"}
{"code":"INVALID_TOKEN","level":"error","message":"Auth controller error Invalid or expired activation token","statusCode":400,"timestamp":"2025-09-04T10:50:19.741Z"}
{"code":"INVALID_TOKEN","level":"error","message":"Auth controller error Invalid or expired activation token","statusCode":400,"timestamp":"2025-09-04T10:50:19.745Z"}
{"code":"INVALID_TOKEN","level":"error","message":"Auth controller error Invalid or expired activation token","statusCode":400,"timestamp":"2025-09-04T10:50:19.748Z"}
{"code":"INVALID_TOKEN","level":"error","message":"Auth controller error Invalid or expired activation token","statusCode":400,"timestamp":"2025-09-04T10:50:19.749Z"}
{"code":"INVALID_TOKEN","level":"error","message":"Auth controller error Invalid or expired activation token","statusCode":400,"timestamp":"2025-09-04T10:50:19.751Z"}
{"code":"INVALID_TOKEN","level":"error","message":"Auth controller error Invalid or expired activation token","statusCode":400,"timestamp":"2025-09-04T10:50:19.754Z"}
{"code":"INVALID_TOKEN","level":"error","message":"Auth controller error Invalid or expired activation token","statusCode":400,"timestamp":"2025-09-04T10:50:19.755Z"}
{"code":"INVALID_TOKEN","level":"error","message":"Auth controller error Invalid or expired activation token","statusCode":400,"timestamp":"2025-09-04T10:50:19.760Z"}
{"code":"INVALID_TOKEN","level":"error","message":"Auth controller error Invalid or expired activation token","statusCode":400,"timestamp":"2025-09-04T10:50:19.763Z"}
{"code":"INVALID_TOKEN","level":"error","message":"Auth controller error Invalid or expired activation token","statusCode":400,"timestamp":"2025-09-04T10:50:19.764Z"}
{"code":"INVALID_TOKEN","level":"error","message":"Auth controller error Invalid or expired activation token","statusCode":400,"timestamp":"2025-09-04T10:50:19.765Z"}
{"code":"INVALID_TOKEN","level":"error","message":"Auth controller error Invalid or expired activation token","statusCode":400,"timestamp":"2025-09-04T10:50:19.768Z"}
{"code":"INVALID_TOKEN","level":"error","message":"Auth controller error Invalid or expired activation token","statusCode":400,"timestamp":"2025-09-04T10:50:19.771Z"}
{"code":"INVALID_TOKEN","level":"error","message":"Auth controller error Invalid or expired activation token","statusCode":400,"timestamp":"2025-09-04T10:50:19.776Z"}
{"code":"INVALID_TOKEN","level":"error","message":"Auth controller error Invalid or expired activation token","statusCode":400,"timestamp":"2025-09-04T10:50:19.780Z"}
{"code":"INVALID_TOKEN","level":"error","message":"Auth controller error Invalid or expired activation token","statusCode":400,"timestamp":"2025-09-04T10:50:19.781Z"}
{"code":"INVALID_TOKEN","level":"error","message":"Auth controller error Invalid or expired activation token","statusCode":400,"timestamp":"2025-09-04T10:50:19.781Z"}
{"code":"INVALID_TOKEN","level":"error","message":"Auth controller error Invalid or expired activation token","statusCode":400,"timestamp":"2025-09-04T10:50:19.784Z"}
{"code":"INVALID_TOKEN","level":"error","message":"Auth controller error Invalid or expired activation token","statusCode":400,"timestamp":"2025-09-04T10:50:19.786Z"}
{"code":"INVALID_TOKEN","level":"error","message":"Auth controller error Invalid or expired activation token","statusCode":400,"timestamp":"2025-09-04T10:50:19.790Z"}
{"code":"INVALID_TOKEN","level":"error","message":"Auth controller error Invalid or expired activation token","statusCode":400,"timestamp":"2025-09-04T10:50:19.793Z"}
{"code":"INVALID_TOKEN","level":"error","message":"Auth controller error Invalid or expired activation token","statusCode":400,"timestamp":"2025-09-04T10:50:19.794Z"}
{"code":"INVALID_TOKEN","level":"error","message":"Auth controller error Invalid or expired activation token","statusCode":400,"timestamp":"2025-09-04T10:50:19.795Z"}
{"code":"INVALID_TOKEN","level":"error","message":"Auth controller error Invalid or expired activation token","statusCode":400,"timestamp":"2025-09-04T10:50:19.797Z"}
{"code":"INVALID_TOKEN","level":"error","message":"Auth controller error Invalid or expired activation token","statusCode":400,"timestamp":"2025-09-04T10:50:19.799Z"}
{"code":"INVALID_TOKEN","level":"error","message":"Auth controller error Invalid or expired activation token","statusCode":400,"timestamp":"2025-09-04T10:50:19.803Z"}
{"code":"INVALID_TOKEN","level":"error","message":"Auth controller error Invalid or expired activation token","statusCode":400,"timestamp":"2025-09-04T10:50:19.806Z"}
{"code":"INVALID_TOKEN","level":"error","message":"Auth controller error Invalid or expired activation token","statusCode":400,"timestamp":"2025-09-04T10:50:19.807Z"}
{"code":"INVALID_TOKEN","level":"error","message":"Auth controller error Invalid or expired activation token","statusCode":400,"timestamp":"2025-09-04T10:50:19.808Z"}
{"code":"INVALID_TOKEN","level":"error","message":"Auth controller error Invalid or expired activation token","statusCode":400,"timestamp":"2025-09-04T10:50:19.810Z"}
{"code":"INVALID_TOKEN","level":"error","message":"Auth controller error Invalid or expired activation token","statusCode":400,"timestamp":"2025-09-04T10:50:19.811Z"}
{"code":"INVALID_TOKEN","level":"error","message":"Auth controller error Invalid or expired activation token","statusCode":400,"timestamp":"2025-09-04T10:50:19.816Z"}
{"code":"INVALID_TOKEN","level":"error","message":"Auth controller error Invalid or expired activation token","statusCode":400,"timestamp":"2025-09-04T10:50:19.818Z"}
{"code":"INVALID_TOKEN","level":"error","message":"Auth controller error Invalid or expired activation token","statusCode":400,"timestamp":"2025-09-04T10:50:19.819Z"}
{"code":"INVALID_TOKEN","level":"error","message":"Auth controller error Invalid or expired activation token","statusCode":400,"timestamp":"2025-09-04T10:50:19.820Z"}
{"code":"INVALID_TOKEN","level":"error","message":"Auth controller error Invalid or expired activation token","statusCode":400,"timestamp":"2025-09-04T10:50:19.822Z"}
{"code":"INVALID_TOKEN","level":"error","message":"Auth controller error Invalid or expired activation token","statusCode":400,"timestamp":"2025-09-04T10:50:19.823Z"}
{"code":"INVALID_TOKEN","level":"error","message":"Auth controller error Invalid or expired activation token","statusCode":400,"timestamp":"2025-09-04T10:50:19.827Z"}
{"code":"INVALID_TOKEN","level":"error","message":"Auth controller error Invalid or expired activation token","statusCode":400,"timestamp":"2025-09-04T10:50:19.830Z"}
{"code":"INVALID_TOKEN","level":"error","message":"Auth controller error Invalid or expired activation token","statusCode":400,"timestamp":"2025-09-04T10:50:19.832Z"}
{"code":"INVALID_TOKEN","level":"error","message":"Auth controller error Invalid or expired activation token","statusCode":400,"timestamp":"2025-09-04T10:50:19.832Z"}
{"code":"INVALID_TOKEN","level":"error","message":"Auth controller error Invalid or expired activation token","statusCode":400,"timestamp":"2025-09-04T10:50:19.835Z"}
{"email":"sdf@df.com","error":{"code":"23505","constraint":"users_email_key","detail":"Key (email)=(sdf@df.com) already exists.","file":"nbtinsert.c","length":202,"line":"649","name":"error","routine":"_bt_check_unique","schema":"public","severity":"ERROR","table":"users"},"level":"error","message":"Failed to create user","timestamp":"2025-09-04T10:51:26.747Z"}
{"error":{"code":"23505","constraint":"users_email_key","detail":"Key (email)=(sdf@df.com) already exists.","file":"nbtinsert.c","length":202,"line":"649","name":"error","routine":"_bt_check_unique","schema":"public","severity":"ERROR","table":"users"},"level":"error","message":"Account activation failed with unexpected error","timestamp":"2025-09-04T10:51:26.748Z","token":"c863fde82833077fc5f9bf7eb6fd77f88e49d285fbb15570618a668c7d158e1a"}
{"code":"ACTIVATION_FAILED","level":"error","message":"Auth controller error Account activation failed","statusCode":500,"timestamp":"2025-09-04T10:51:26.749Z"}
{"code":"INVALID_TOKEN","level":"error","message":"Auth controller error Invalid or expired activation token","statusCode":400,"timestamp":"2025-09-04T10:51:26.757Z"}
{"code":"INVALID_TOKEN","level":"error","message":"Auth controller error Invalid or expired activation token","statusCode":400,"timestamp":"2025-09-04T10:51:26.760Z"}
{"code":"INVALID_TOKEN","level":"error","message":"Auth controller error Invalid or expired activation token","statusCode":400,"timestamp":"2025-09-04T10:51:26.773Z"}
{"code":"INVALID_TOKEN","level":"error","message":"Auth controller error Invalid or expired activation token","statusCode":400,"timestamp":"2025-09-04T10:51:26.776Z"}
{"code":"EMAIL_ALREADY_EXISTS","level":"error","message":"Auth controller error Account with this email already exists","statusCode":409,"timestamp":"2025-09-04T10:51:26.777Z"}
{"code":"INVALID_TOKEN","level":"error","message":"Auth controller error Invalid or expired activation token","statusCode":400,"timestamp":"2025-09-04T10:51:26.780Z"}
{"code":"INVALID_TOKEN","level":"error","message":"Auth controller error Invalid or expired activation token","statusCode":400,"timestamp":"2025-09-04T10:51:26.797Z"}
{"code":"INVALID_TOKEN","level":"error","message":"Auth controller error Invalid or expired activation token","statusCode":400,"timestamp":"2025-09-04T10:51:26.801Z"}
{"code":"INVALID_TOKEN","level":"error","message":"Auth controller error Invalid or expired activation token","statusCode":400,"timestamp":"2025-09-04T10:51:26.805Z"}
{"code":"INVALID_TOKEN","level":"error","message":"Auth controller error Invalid or expired activation token","statusCode":400,"timestamp":"2025-09-04T10:51:26.807Z"}
{"code":"INVALID_TOKEN","level":"error","message":"Auth controller error Invalid or expired activation token","statusCode":400,"timestamp":"2025-09-04T10:51:26.819Z"}
{"code":"INVALID_TOKEN","level":"error","message":"Auth controller error Invalid or expired activation token","statusCode":400,"timestamp":"2025-09-04T10:51:26.821Z"}
{"code":"INVALID_TOKEN","level":"error","message":"Auth controller error Invalid or expired activation token","statusCode":400,"timestamp":"2025-09-04T10:51:26.825Z"}
{"code":"INVALID_TOKEN","level":"error","message":"Auth controller error Invalid or expired activation token","statusCode":400,"timestamp":"2025-09-04T10:51:26.828Z"}
{"code":"INVALID_TOKEN","level":"error","message":"Auth controller error Invalid or expired activation token","statusCode":400,"timestamp":"2025-09-04T10:51:26.830Z"}
{"code":"INVALID_TOKEN","level":"error","message":"Auth controller error Invalid or expired activation token","statusCode":400,"timestamp":"2025-09-04T10:51:26.840Z"}
{"code":"INVALID_TOKEN","level":"error","message":"Auth controller error Invalid or expired activation token","statusCode":400,"timestamp":"2025-09-04T10:51:26.843Z"}
{"code":"INVALID_TOKEN","level":"error","message":"Auth controller error Invalid or expired activation token","statusCode":400,"timestamp":"2025-09-04T10:51:26.846Z"}
{"code":"INVALID_TOKEN","level":"error","message":"Auth controller error Invalid or expired activation token","statusCode":400,"timestamp":"2025-09-04T10:51:26.847Z"}
{"code":"INVALID_TOKEN","level":"error","message":"Auth controller error Invalid or expired activation token","statusCode":400,"timestamp":"2025-09-04T10:51:26.849Z"}
{"code":"INVALID_TOKEN","level":"error","message":"Auth controller error Invalid or expired activation token","statusCode":400,"timestamp":"2025-09-04T10:51:26.851Z"}
{"code":"INVALID_TOKEN","level":"error","message":"Auth controller error Invalid or expired activation token","statusCode":400,"timestamp":"2025-09-04T10:51:26.861Z"}
{"code":"INVALID_TOKEN","level":"error","message":"Auth controller error Invalid or expired activation token","statusCode":400,"timestamp":"2025-09-04T10:51:26.863Z"}
{"code":"INVALID_TOKEN","level":"error","message":"Auth controller error Invalid or expired activation token","statusCode":400,"timestamp":"2025-09-04T10:51:26.865Z"}
{"code":"INVALID_TOKEN","level":"error","message":"Auth controller error Invalid or expired activation token","statusCode":400,"timestamp":"2025-09-04T10:51:26.867Z"}
{"code":"INVALID_TOKEN","level":"error","message":"Auth controller error Invalid or expired activation token","statusCode":400,"timestamp":"2025-09-04T10:51:26.869Z"}
{"code":"INVALID_TOKEN","level":"error","message":"Auth controller error Invalid or expired activation token","statusCode":400,"timestamp":"2025-09-04T10:51:26.871Z"}
{"code":"INVALID_TOKEN","level":"error","message":"Auth controller error Invalid or expired activation token","statusCode":400,"timestamp":"2025-09-04T10:51:26.881Z"}
{"code":"INVALID_TOKEN","level":"error","message":"Auth controller error Invalid or expired activation token","statusCode":400,"timestamp":"2025-09-04T10:51:26.885Z"}
{"code":"INVALID_TOKEN","level":"error","message":"Auth controller error Invalid or expired activation token","statusCode":400,"timestamp":"2025-09-04T10:51:26.887Z"}
{"code":"INVALID_TOKEN","level":"error","message":"Auth controller error Invalid or expired activation token","statusCode":400,"timestamp":"2025-09-04T10:51:26.888Z"}
{"code":"INVALID_TOKEN","level":"error","message":"Auth controller error Invalid or expired activation token","statusCode":400,"timestamp":"2025-09-04T10:51:26.890Z"}
{"code":"INVALID_TOKEN","level":"error","message":"Auth controller error Invalid or expired activation token","statusCode":400,"timestamp":"2025-09-04T10:51:26.893Z"}
{"code":"INVALID_TOKEN","level":"error","message":"Auth controller error Invalid or expired activation token","statusCode":400,"timestamp":"2025-09-04T10:51:26.901Z"}
{"code":"INVALID_TOKEN","level":"error","message":"Auth controller error Invalid or expired activation token","statusCode":400,"timestamp":"2025-09-04T10:51:26.903Z"}
{"code":"INVALID_TOKEN","level":"error","message":"Auth controller error Invalid or expired activation token","statusCode":400,"timestamp":"2025-09-04T10:51:26.905Z"}
{"code":"INVALID_TOKEN","level":"error","message":"Auth controller error Invalid or expired activation token","statusCode":400,"timestamp":"2025-09-04T10:51:26.907Z"}
{"code":"INVALID_TOKEN","level":"error","message":"Auth controller error Invalid or expired activation token","statusCode":400,"timestamp":"2025-09-04T10:51:26.908Z"}
{"code":"INVALID_TOKEN","level":"error","message":"Auth controller error Invalid or expired activation token","statusCode":400,"timestamp":"2025-09-04T10:51:26.911Z"}
{"code":"INVALID_TOKEN","level":"error","message":"Auth controller error Invalid or expired activation token","statusCode":400,"timestamp":"2025-09-04T10:51:26.922Z"}
{"code":"INVALID_TOKEN","level":"error","message":"Auth controller error Invalid or expired activation token","statusCode":400,"timestamp":"2025-09-04T10:51:26.924Z"}
{"code":"INVALID_TOKEN","level":"error","message":"Auth controller error Invalid or expired activation token","statusCode":400,"timestamp":"2025-09-04T10:51:26.926Z"}
{"code":"INVALID_TOKEN","level":"error","message":"Auth controller error Invalid or expired activation token","statusCode":400,"timestamp":"2025-09-04T10:51:26.928Z"}
{"code":"INVALID_TOKEN","level":"error","message":"Auth controller error Invalid or expired activation token","statusCode":400,"timestamp":"2025-09-04T10:51:26.930Z"}
{"code":"INVALID_TOKEN","level":"error","message":"Auth controller error Invalid or expired activation token","statusCode":400,"timestamp":"2025-09-04T10:51:26.933Z"}
{"code":"INVALID_TOKEN","level":"error","message":"Auth controller error Invalid or expired activation token","statusCode":400,"timestamp":"2025-09-04T10:51:26.944Z"}
{"code":"INVALID_TOKEN","level":"error","message":"Auth controller error Invalid or expired activation token","statusCode":400,"timestamp":"2025-09-04T10:51:26.946Z"}
{"code":"INVALID_TOKEN","level":"error","message":"Auth controller error Invalid or expired activation token","statusCode":400,"timestamp":"2025-09-04T10:51:26.948Z"}
{"code":"INVALID_TOKEN","level":"error","message":"Auth controller error Invalid or expired activation token","statusCode":400,"timestamp":"2025-09-04T10:51:26.950Z"}
{"code":"INVALID_TOKEN","level":"error","message":"Auth controller error Invalid or expired activation token","statusCode":400,"timestamp":"2025-09-04T10:51:26.952Z"}
{"code":"INVALID_TOKEN","level":"error","message":"Auth controller error Invalid or expired activation token","statusCode":400,"timestamp":"2025-09-04T10:51:26.955Z"}
{"code":"INVALID_TOKEN","level":"error","message":"Auth controller error Invalid or expired activation token","statusCode":400,"timestamp":"2025-09-04T10:51:26.960Z"}
{"code":"INVALID_TOKEN","level":"error","message":"Auth controller error Invalid or expired activation token","statusCode":400,"timestamp":"2025-09-04T10:51:26.962Z"}
{"defaultMessage":"Logout failed","error":{},"level":"error","message":"Unexpected auth controller error","timestamp":"2025-09-04T10:54:00.381Z"}
{"email":"qwe@qwe.com","error":{"code":"23505","constraint":"users_email_key","detail":"Key (email)=(qwe@qwe.com) already exists.","file":"nbtinsert.c","length":203,"line":"649","name":"error","routine":"_bt_check_unique","schema":"public","severity":"ERROR","table":"users"},"level":"error","message":"Failed to create user","timestamp":"2025-09-04T10:54:40.501Z"}
{"error":{"code":"23505","constraint":"users_email_key","detail":"Key (email)=(qwe@qwe.com) already exists.","file":"nbtinsert.c","length":203,"line":"649","name":"error","routine":"_bt_check_unique","schema":"public","severity":"ERROR","table":"users"},"level":"error","message":"Account activation failed with unexpected error","timestamp":"2025-09-04T10:54:40.502Z","token":"17801f2a04c7ff88a0a23f51521c1a3e82fdcdeafb467051b88b93b4ba4e08cd"}
{"code":"ACTIVATION_FAILED","level":"error","message":"Auth controller error Account activation failed","statusCode":500,"timestamp":"2025-09-04T10:54:40.503Z"}
{"code":"INVALID_TOKEN","level":"error","message":"Auth controller error Invalid or expired activation token","statusCode":400,"timestamp":"2025-09-04T10:54:40.524Z"}
{"code":"INVALID_TOKEN","level":"error","message":"Auth controller error Invalid or expired activation token","statusCode":400,"timestamp":"2025-09-04T10:54:40.528Z"}
{"code":"INVALID_TOKEN","level":"error","message":"Auth controller error Invalid or expired activation token","statusCode":400,"timestamp":"2025-09-04T10:54:40.532Z"}
{"code":"INVALID_TOKEN","level":"error","message":"Auth controller error Invalid or expired activation token","statusCode":400,"timestamp":"2025-09-04T10:54:40.534Z"}
{"code":"INVALID_TOKEN","level":"error","message":"Auth controller error Invalid or expired activation token","statusCode":400,"timestamp":"2025-09-04T10:54:40.549Z"}
{"code":"INVALID_TOKEN","level":"error","message":"Auth controller error Invalid or expired activation token","statusCode":400,"timestamp":"2025-09-04T10:54:40.552Z"}
{"code":"INVALID_TOKEN","level":"error","message":"Auth controller error Invalid or expired activation token","statusCode":400,"timestamp":"2025-09-04T10:54:40.555Z"}
{"code":"INVALID_TOKEN","level":"error","message":"Auth controller error Invalid or expired activation token","statusCode":400,"timestamp":"2025-09-04T10:54:40.557Z"}
{"code":"INVALID_TOKEN","level":"error","message":"Auth controller error Invalid or expired activation token","statusCode":400,"timestamp":"2025-09-04T10:54:40.559Z"}
{"code":"INVALID_TOKEN","level":"error","message":"Auth controller error Invalid or expired activation token","statusCode":400,"timestamp":"2025-09-04T10:54:40.571Z"}
{"code":"INVALID_TOKEN","level":"error","message":"Auth controller error Invalid or expired activation token","statusCode":400,"timestamp":"2025-09-04T10:54:40.572Z"}
{"code":"INVALID_TOKEN","level":"error","message":"Auth controller error Invalid or expired activation token","statusCode":400,"timestamp":"2025-09-04T10:54:40.574Z"}
{"code":"INVALID_TOKEN","level":"error","message":"Auth controller error Invalid or expired activation token","statusCode":400,"timestamp":"2025-09-04T10:54:40.576Z"}
{"code":"INVALID_TOKEN","level":"error","message":"Auth controller error Invalid or expired activation token","statusCode":400,"timestamp":"2025-09-04T10:54:40.578Z"}
{"code":"INVALID_TOKEN","level":"error","message":"Auth controller error Invalid or expired activation token","statusCode":400,"timestamp":"2025-09-04T10:54:40.588Z"}
{"code":"INVALID_TOKEN","level":"error","message":"Auth controller error Invalid or expired activation token","statusCode":400,"timestamp":"2025-09-04T10:54:40.591Z"}
{"code":"INVALID_TOKEN","level":"error","message":"Auth controller error Invalid or expired activation token","statusCode":400,"timestamp":"2025-09-04T10:54:40.592Z"}
{"code":"INVALID_TOKEN","level":"error","message":"Auth controller error Invalid or expired activation token","statusCode":400,"timestamp":"2025-09-04T10:54:40.595Z"}
{"code":"INVALID_TOKEN","level":"error","message":"Auth controller error Invalid or expired activation token","statusCode":400,"timestamp":"2025-09-04T10:54:40.598Z"}
{"code":"INVALID_TOKEN","level":"error","message":"Auth controller error Invalid or expired activation token","statusCode":400,"timestamp":"2025-09-04T10:54:40.601Z"}
{"code":"INVALID_TOKEN","level":"error","message":"Auth controller error Invalid or expired activation token","statusCode":400,"timestamp":"2025-09-04T10:54:40.610Z"}
{"code":"INVALID_TOKEN","level":"error","message":"Auth controller error Invalid or expired activation token","statusCode":400,"timestamp":"2025-09-04T10:54:40.612Z"}
{"code":"INVALID_TOKEN","level":"error","message":"Auth controller error Invalid or expired activation token","statusCode":400,"timestamp":"2025-09-04T10:54:40.614Z"}
{"code":"INVALID_TOKEN","level":"error","message":"Auth controller error Invalid or expired activation token","statusCode":400,"timestamp":"2025-09-04T10:54:40.616Z"}
{"code":"INVALID_TOKEN","level":"error","message":"Auth controller error Invalid or expired activation token","statusCode":400,"timestamp":"2025-09-04T10:54:40.617Z"}
{"code":"INVALID_TOKEN","level":"error","message":"Auth controller error Invalid or expired activation token","statusCode":400,"timestamp":"2025-09-04T10:54:40.619Z"}
{"code":"INVALID_TOKEN","level":"error","message":"Auth controller error Invalid or expired activation token","statusCode":400,"timestamp":"2025-09-04T10:54:40.626Z"}
{"code":"INVALID_TOKEN","level":"error","message":"Auth controller error Invalid or expired activation token","statusCode":400,"timestamp":"2025-09-04T10:54:40.628Z"}
{"code":"INVALID_TOKEN","level":"error","message":"Auth controller error Invalid or expired activation token","statusCode":400,"timestamp":"2025-09-04T10:54:40.631Z"}
{"code":"INVALID_TOKEN","level":"error","message":"Auth controller error Invalid or expired activation token","statusCode":400,"timestamp":"2025-09-04T10:54:40.633Z"}
{"code":"INVALID_TOKEN","level":"error","message":"Auth controller error Invalid or expired activation token","statusCode":400,"timestamp":"2025-09-04T10:54:40.635Z"}
{"code":"INVALID_TOKEN","level":"error","message":"Auth controller error Invalid or expired activation token","statusCode":400,"timestamp":"2025-09-04T10:54:40.637Z"}
{"code":"INVALID_TOKEN","level":"error","message":"Auth controller error Invalid or expired activation token","statusCode":400,"timestamp":"2025-09-04T10:54:40.645Z"}
{"code":"INVALID_TOKEN","level":"error","message":"Auth controller error Invalid or expired activation token","statusCode":400,"timestamp":"2025-09-04T10:54:40.646Z"}
{"error":{"address":"::","code":"EADDRINUSE","errno":-4091,"port":3001,"syscall":"listen"},"level":"error","message":"Server error","timestamp":"2025-09-04T10:58:44.549Z"}
{"error":{"address":"::","code":"EADDRINUSE","errno":-4091,"port":3001,"syscall":"listen"},"level":"error","message":"Server error","timestamp":"2025-09-04T10:58:44.640Z"}
{"email":"qwe@ewq.com","error":{"code":"23505","constraint":"users_email_key","detail":"Key (email)=(qwe@ewq.com) already exists.","file":"nbtinsert.c","length":203,"line":"649","name":"error","routine":"_bt_check_unique","schema":"public","severity":"ERROR","table":"users"},"level":"error","message":"Failed to create user","timestamp":"2025-09-04T10:59:07.497Z"}
{"error":{"code":"23505","constraint":"users_email_key","detail":"Key (email)=(qwe@ewq.com) already exists.","file":"nbtinsert.c","length":203,"line":"649","name":"error","routine":"_bt_check_unique","schema":"public","severity":"ERROR","table":"users"},"level":"error","message":"Account activation failed with unexpected error","timestamp":"2025-09-04T10:59:07.498Z","token":"53c5e1d6a9562208e910d45431d0cd49ba9b388fe62eaf45f6ffbcf5ecfb5259"}
{"code":"ACTIVATION_FAILED","level":"error","message":"Auth controller error Account activation failed","statusCode":500,"timestamp":"2025-09-04T10:59:07.499Z"}
{"code":"INVALID_TOKEN","level":"error","message":"Auth controller error Invalid or expired activation token","statusCode":400,"timestamp":"2025-09-04T10:59:07.513Z"}
{"code":"INVALID_TOKEN","level":"error","message":"Auth controller error Invalid or expired activation token","statusCode":400,"timestamp":"2025-09-04T10:59:07.524Z"}
{"code":"EMAIL_ALREADY_EXISTS","level":"error","message":"Auth controller error Account with this email already exists","statusCode":409,"timestamp":"2025-09-04T10:59:07.530Z"}
{"code":"EMAIL_ALREADY_EXISTS","level":"error","message":"Auth controller error Account with this email already exists","statusCode":409,"timestamp":"2025-09-04T10:59:07.575Z"}
{"code":"EMAIL_ALREADY_EXISTS","level":"error","message":"Auth controller error Account with this email already exists","statusCode":409,"timestamp":"2025-09-04T10:59:07.578Z"}
{"code":"INVALID_TOKEN","level":"error","message":"Auth controller error Invalid or expired activation token","statusCode":400,"timestamp":"2025-09-04T10:59:07.600Z"}
{"code":"INVALID_TOKEN","level":"error","message":"Auth controller error Invalid or expired activation token","statusCode":400,"timestamp":"2025-09-04T10:59:07.604Z"}
{"code":"INVALID_TOKEN","level":"error","message":"Auth controller error Invalid or expired activation token","statusCode":400,"timestamp":"2025-09-04T10:59:07.608Z"}
{"code":"INVALID_TOKEN","level":"error","message":"Auth controller error Invalid or expired activation token","statusCode":400,"timestamp":"2025-09-04T10:59:07.614Z"}
{"code":"INVALID_TOKEN","level":"error","message":"Auth controller error Invalid or expired activation token","statusCode":400,"timestamp":"2025-09-04T10:59:07.636Z"}
{"code":"INVALID_TOKEN","level":"error","message":"Auth controller error Invalid or expired activation token","statusCode":400,"timestamp":"2025-09-04T10:59:07.639Z"}
{"code":"INVALID_TOKEN","level":"error","message":"Auth controller error Invalid or expired activation token","statusCode":400,"timestamp":"2025-09-04T10:59:07.645Z"}
{"code":"INVALID_TOKEN","level":"error","message":"Auth controller error Invalid or expired activation token","statusCode":400,"timestamp":"2025-09-04T10:59:07.649Z"}
{"code":"INVALID_TOKEN","level":"error","message":"Auth controller error Invalid or expired activation token","statusCode":400,"timestamp":"2025-09-04T10:59:07.659Z"}
{"code":"INVALID_TOKEN","level":"error","message":"Auth controller error Invalid or expired activation token","statusCode":400,"timestamp":"2025-09-04T10:59:07.662Z"}
{"code":"INVALID_TOKEN","level":"error","message":"Auth controller error Invalid or expired activation token","statusCode":400,"timestamp":"2025-09-04T10:59:07.664Z"}
{"code":"INVALID_TOKEN","level":"error","message":"Auth controller error Invalid or expired activation token","statusCode":400,"timestamp":"2025-09-04T10:59:07.667Z"}
{"code":"INVALID_TOKEN","level":"error","message":"Auth controller error Invalid or expired activation token","statusCode":400,"timestamp":"2025-09-04T10:59:07.668Z"}
{"code":"INVALID_TOKEN","level":"error","message":"Auth controller error Invalid or expired activation token","statusCode":400,"timestamp":"2025-09-04T10:59:07.678Z"}
{"code":"INVALID_TOKEN","level":"error","message":"Auth controller error Invalid or expired activation token","statusCode":400,"timestamp":"2025-09-04T10:59:07.680Z"}
{"code":"INVALID_TOKEN","level":"error","message":"Auth controller error Invalid or expired activation token","statusCode":400,"timestamp":"2025-09-04T10:59:07.682Z"}
{"code":"INVALID_TOKEN","level":"error","message":"Auth controller error Invalid or expired activation token","statusCode":400,"timestamp":"2025-09-04T10:59:07.684Z"}
{"code":"INVALID_TOKEN","level":"error","message":"Auth controller error Invalid or expired activation token","statusCode":400,"timestamp":"2025-09-04T10:59:07.686Z"}
{"code":"INVALID_TOKEN","level":"error","message":"Auth controller error Invalid or expired activation token","statusCode":400,"timestamp":"2025-09-04T10:59:07.688Z"}
{"code":"INVALID_TOKEN","level":"error","message":"Auth controller error Invalid or expired activation token","statusCode":400,"timestamp":"2025-09-04T10:59:07.697Z"}
{"code":"INVALID_TOKEN","level":"error","message":"Auth controller error Invalid or expired activation token","statusCode":400,"timestamp":"2025-09-04T10:59:07.698Z"}
{"code":"INVALID_TOKEN","level":"error","message":"Auth controller error Invalid or expired activation token","statusCode":400,"timestamp":"2025-09-04T10:59:07.701Z"}
{"code":"INVALID_TOKEN","level":"error","message":"Auth controller error Invalid or expired activation token","statusCode":400,"timestamp":"2025-09-04T10:59:07.703Z"}
{"code":"INVALID_TOKEN","level":"error","message":"Auth controller error Invalid or expired activation token","statusCode":400,"timestamp":"2025-09-04T10:59:07.705Z"}
{"code":"INVALID_TOKEN","level":"error","message":"Auth controller error Invalid or expired activation token","statusCode":400,"timestamp":"2025-09-04T10:59:07.707Z"}
{"code":"INVALID_TOKEN","level":"error","message":"Auth controller error Invalid or expired activation token","statusCode":400,"timestamp":"2025-09-04T10:59:07.716Z"}
{"code":"INVALID_TOKEN","level":"error","message":"Auth controller error Invalid or expired activation token","statusCode":400,"timestamp":"2025-09-04T10:59:07.718Z"}
{"code":"INVALID_TOKEN","level":"error","message":"Auth controller error Invalid or expired activation token","statusCode":400,"timestamp":"2025-09-04T10:59:07.720Z"}
{"code":"INVALID_TOKEN","level":"error","message":"Auth controller error Invalid or expired activation token","statusCode":400,"timestamp":"2025-09-04T10:59:07.722Z"}
{"code":"INVALID_TOKEN","level":"error","message":"Auth controller error Invalid or expired activation token","statusCode":400,"timestamp":"2025-09-04T10:59:07.724Z"}
{"code":"INVALID_TOKEN","level":"error","message":"Auth controller error Invalid or expired activation token","statusCode":400,"timestamp":"2025-09-04T10:59:07.726Z"}
{"code":"INVALID_TOKEN","level":"error","message":"Auth controller error Invalid or expired activation token","statusCode":400,"timestamp":"2025-09-04T10:59:07.734Z"}
{"code":"INVALID_TOKEN","level":"error","message":"Auth controller error Invalid or expired activation token","statusCode":400,"timestamp":"2025-09-04T10:59:07.736Z"}
{"code":"INVALID_TOKEN","level":"error","message":"Auth controller error Invalid or expired activation token","statusCode":400,"timestamp":"2025-09-04T10:59:07.738Z"}
{"code":"INVALID_TOKEN","level":"error","message":"Auth controller error Invalid or expired activation token","statusCode":400,"timestamp":"2025-09-04T10:59:07.740Z"}
{"code":"INVALID_TOKEN","level":"error","message":"Auth controller error Invalid or expired activation token","statusCode":400,"timestamp":"2025-09-04T10:59:07.743Z"}
{"code":"INVALID_TOKEN","level":"error","message":"Auth controller error Invalid or expired activation token","statusCode":400,"timestamp":"2025-09-04T10:59:07.744Z"}
{"code":"INVALID_TOKEN","level":"error","message":"Auth controller error Invalid or expired activation token","statusCode":400,"timestamp":"2025-09-04T10:59:07.753Z"}
{"code":"INVALID_TOKEN","level":"error","message":"Auth controller error Invalid or expired activation token","statusCode":400,"timestamp":"2025-09-04T10:59:07.756Z"}
{"code":"INVALID_TOKEN","level":"error","message":"Auth controller error Invalid or expired activation token","statusCode":400,"timestamp":"2025-09-04T10:59:07.758Z"}
{"code":"INVALID_TOKEN","level":"error","message":"Auth controller error Invalid or expired activation token","statusCode":400,"timestamp":"2025-09-04T10:59:07.760Z"}
{"code":"INVALID_TOKEN","level":"error","message":"Auth controller error Invalid or expired activation token","statusCode":400,"timestamp":"2025-09-04T10:59:07.761Z"}
{"code":"INVALID_TOKEN","level":"error","message":"Auth controller error Invalid or expired activation token","statusCode":400,"timestamp":"2025-09-04T10:59:07.763Z"}
{"code":"INVALID_TOKEN","level":"error","message":"Auth controller error Invalid or expired activation token","statusCode":400,"timestamp":"2025-09-04T10:59:07.769Z"}
{"code":"INVALID_TOKEN","level":"error","message":"Auth controller error Invalid or expired activation token","statusCode":400,"timestamp":"2025-09-04T10:59:07.771Z"}
{"code":"INVALID_TOKEN","level":"error","message":"Auth controller error Invalid or expired activation token","statusCode":400,"timestamp":"2025-09-04T10:59:07.772Z"}
{"code":"INVALID_TOKEN","level":"error","message":"Auth controller error Invalid or expired activation token","statusCode":400,"timestamp":"2025-09-04T10:59:07.774Z"}
{"code":"INVALID_TOKEN","level":"error","message":"Auth controller error Invalid or expired activation token","statusCode":400,"timestamp":"2025-09-04T10:59:07.776Z"}
{"defaultMessage":"Logout failed","error":{},"level":"error","message":"Unexpected auth controller error","timestamp":"2025-09-04T11:00:27.445Z"}
{"defaultMessage":"Logout failed","error":{},"level":"error","message":"Unexpected auth controller error","timestamp":"2025-09-04T11:01:18.211Z"}
{"code":"ACCOUNT_NOT_ACTIVATED","level":"error","message":"Auth controller error Please activate your account first","statusCode":403,"timestamp":"2025-09-04T11:02:53.371Z"}
{"error":{"address":"::","code":"EADDRINUSE","errno":-4091,"port":3001,"syscall":"listen"},"level":"error","message":"Server error","timestamp":"2025-09-04T11:14:40.758Z"}
{"error":{"address":"::","code":"EADDRINUSE","errno":-4091,"port":3001,"syscall":"listen"},"level":"error","message":"Server error","timestamp":"2025-09-04T11:14:40.767Z"}
{"error":{"address":"::","code":"EADDRINUSE","errno":-4091,"port":3001,"syscall":"listen"},"level":"error","message":"Server error","timestamp":"2025-09-04T11:17:22.829Z"}
{"error":{"address":"::","code":"EADDRINUSE","errno":-4091,"port":3001,"syscall":"listen"},"level":"error","message":"Server error","timestamp":"2025-09-04T11:17:22.842Z"}
{"error":{"address":"::","code":"EADDRINUSE","errno":-4091,"port":3001,"syscall":"listen"},"level":"error","message":"Server error","timestamp":"2025-09-04T11:17:26.292Z"}
{"error":{"address":"::","code":"EADDRINUSE","errno":-4091,"port":3001,"syscall":"listen"},"level":"error","message":"Server error","timestamp":"2025-09-04T11:17:26.313Z"}
{"error":{"address":"::","code":"EADDRINUSE","errno":-4091,"port":3001,"syscall":"listen"},"level":"error","message":"Server error","timestamp":"2025-09-04T11:17:48.206Z"}
{"error":{"address":"::","code":"EADDRINUSE","errno":-4091,"port":3001,"syscall":"listen"},"level":"error","message":"Server error","timestamp":"2025-09-04T11:17:48.237Z"}
{"error":{"address":"::","code":"EADDRINUSE","errno":-4091,"port":3001,"syscall":"listen"},"level":"error","message":"Server error","timestamp":"2025-09-04T11:18:19.004Z"}
{"error":{"address":"::","code":"EADDRINUSE","errno":-4091,"port":3001,"syscall":"listen"},"level":"error","message":"Server error","timestamp":"2025-09-04T11:18:19.056Z"}
{"error":{"address":"::","code":"EADDRINUSE","errno":-4091,"port":3001,"syscall":"listen"},"level":"error","message":"Server error","timestamp":"2025-09-04T11:20:08.420Z"}
{"error":{"address":"::","code":"EADDRINUSE","errno":-4091,"port":3001,"syscall":"listen"},"level":"error","message":"Server error","timestamp":"2025-09-04T11:20:08.454Z"}
{"error":{"address":"::","code":"EADDRINUSE","errno":-4091,"port":3001,"syscall":"listen"},"level":"error","message":"Server error","timestamp":"2025-09-04T11:20:31.931Z"}
{"error":{"address":"::","code":"EADDRINUSE","errno":-4091,"port":3001,"syscall":"listen"},"level":"error","message":"Server error","timestamp":"2025-09-04T11:20:31.940Z"}
{"error":{"address":"::","code":"EADDRINUSE","errno":-4091,"port":3001,"syscall":"listen"},"level":"error","message":"Server error","timestamp":"2025-09-04T11:20:47.344Z"}
{"error":{"address":"::","code":"EADDRINUSE","errno":-4091,"port":3001,"syscall":"listen"},"level":"error","message":"Server error","timestamp":"2025-09-04T11:20:47.354Z"}
{"error":{"address":"::","code":"EADDRINUSE","errno":-4091,"port":3001,"syscall":"listen"},"level":"error","message":"Server error","timestamp":"2025-09-04T11:21:11.855Z"}
{"error":{"address":"::","code":"EADDRINUSE","errno":-4091,"port":3001,"syscall":"listen"},"level":"error","message":"Server error","timestamp":"2025-09-04T11:21:11.854Z"}
{"error":{"address":"::","code":"EADDRINUSE","errno":-4091,"port":3001,"syscall":"listen"},"level":"error","message":"Server error","timestamp":"2025-09-04T11:22:12.470Z"}
{"error":{"address":"::","code":"EADDRINUSE","errno":-4091,"port":3001,"syscall":"listen"},"level":"error","message":"Server error","timestamp":"2025-09-04T11:22:12.504Z"}
{"error":{"address":"::","code":"EADDRINUSE","errno":-4091,"port":3001,"syscall":"listen"},"level":"error","message":"Server error","timestamp":"2025-09-04T11:25:29.104Z"}
{"error":{"address":"::","code":"EADDRINUSE","errno":-4091,"port":3001,"syscall":"listen"},"level":"error","message":"Server error","timestamp":"2025-09-04T11:25:29.111Z"}
{"error":{"address":"::","code":"EADDRINUSE","errno":-4091,"port":3001,"syscall":"listen"},"level":"error","message":"Server error","timestamp":"2025-09-04T11:30:56.788Z"}
{"error":{"address":"::","code":"EADDRINUSE","errno":-4091,"port":3001,"syscall":"listen"},"level":"error","message":"Server error","timestamp":"2025-09-04T11:30:56.804Z"}
{"error":{"address":"::","code":"EADDRINUSE","errno":-4091,"port":3001,"syscall":"listen"},"level":"error","message":"Server error","timestamp":"2025-09-04T11:36:53.119Z"}
{"error":{"address":"::","code":"EADDRINUSE","errno":-4091,"port":3001,"syscall":"listen"},"level":"error","message":"Server error","timestamp":"2025-09-04T11:36:53.131Z"}
{"error":{"address":"::","code":"EADDRINUSE","errno":-4091,"port":3001,"syscall":"listen"},"level":"error","message":"Server error","timestamp":"2025-09-04T11:37:41.790Z"}
{"error":{"address":"::","code":"EADDRINUSE","errno":-4091,"port":3001,"syscall":"listen"},"level":"error","message":"Server error","timestamp":"2025-09-04T11:37:41.824Z"}
{"error":{"address":"::","code":"EADDRINUSE","errno":-4091,"port":3001,"syscall":"listen"},"level":"error","message":"Server error","timestamp":"2025-09-04T11:39:22.864Z"}
{"error":{"address":"::","code":"EADDRINUSE","errno":-4091,"port":3001,"syscall":"listen"},"level":"error","message":"Server error","timestamp":"2025-09-04T11:39:22.912Z"}
{"error":{"address":"::","code":"EADDRINUSE","errno":-4091,"port":3001,"syscall":"listen"},"level":"error","message":"Server error","timestamp":"2025-09-04T11:39:29.762Z"}
{"error":{"address":"::","code":"EADDRINUSE","errno":-4091,"port":3001,"syscall":"listen"},"level":"error","message":"Server error","timestamp":"2025-09-04T11:39:29.786Z"}
{"error":{"address":"::","code":"EADDRINUSE","errno":-4091,"port":3001,"syscall":"listen"},"level":"error","message":"Server error","timestamp":"2025-09-04T11:40:40.001Z"}
{"error":{"address":"::","code":"EADDRINUSE","errno":-4091,"port":3001,"syscall":"listen"},"level":"error","message":"Server error","timestamp":"2025-09-04T11:40:40.205Z"}
{"error":{"address":"::","code":"EADDRINUSE","errno":-4091,"port":3001,"syscall":"listen"},"level":"error","message":"Server error","timestamp":"2025-09-04T11:40:59.058Z"}
{"error":{"address":"::","code":"EADDRINUSE","errno":-4091,"port":3001,"syscall":"listen"},"level":"error","message":"Server error","timestamp":"2025-09-04T11:40:59.069Z"}
{"error":{"address":"::","code":"EADDRINUSE","errno":-4091,"port":3001,"syscall":"listen"},"level":"error","message":"Server error","timestamp":"2025-09-04T11:41:55.755Z"}
{"error":{"address":"::","code":"EADDRINUSE","errno":-4091,"port":3001,"syscall":"listen"},"level":"error","message":"Server error","timestamp":"2025-09-04T11:41:55.880Z"}
{"error":{"address":"::","code":"EADDRINUSE","errno":-4091,"port":3001,"syscall":"listen"},"level":"error","message":"Server error","timestamp":"2025-09-04T11:47:47.039Z"}
{"error":{"address":"::","code":"EADDRINUSE","errno":-4091,"port":3001,"syscall":"listen"},"level":"error","message":"Server error","timestamp":"2025-09-04T11:47:47.053Z"}
{"defaultMessage":"Logout failed","error":{},"level":"error","message":"Unexpected auth controller error","timestamp":"2025-09-04T11:54:45.389Z"}
{"defaultMessage":"Logout failed","error":{},"level":"error","message":"Unexpected auth controller error","timestamp":"2025-09-04T11:56:34.803Z"}
{"action":"logout","error":{"code":"22P02","file":"uuid.c","length":472,"line":"134","name":"error","routine":"string_to_uuid","severity":"ERROR"},"level":"error","message":"Failed to log auth event","timestamp":"2025-09-04T11:57:28.360Z"}
{"defaultMessage":"Logout failed","error":{},"level":"error","message":"Unexpected auth controller error","timestamp":"2025-09-04T12:07:03.694Z"}
{"defaultMessage":"Logout failed","error":{},"level":"error","message":"Unexpected auth controller error","timestamp":"2025-09-04T12:14:38.166Z"}
{"defaultMessage":"Logout failed","error":{},"level":"error","message":"Unexpected auth controller error","timestamp":"2025-09-04T12:20:31.391Z"}
{"defaultMessage":"Logout failed","error":{},"level":"error","message":"Unexpected auth controller error","timestamp":"2025-09-04T12:25:55.680Z"}
{"error":{"client":{"_connected":true,"_connecting":false,"_connectionCallback":null,"_connectionError":false,"_connectionTimeoutMillis":0,"_ended":false,"_ending":true,"_events":{},"_eventsCount":1,"_poolUseCount":7,"_queryable":false,"_types":{"_types":{"arrayParser":{},"builtins":{"ABSTIME":702,"ACLITEM":1033,"BIT":1560,"BOOL":16,"BPCHAR":1042,"BYTEA":17,"CHAR":18,"CID":29,"CIDR":650,"CIRCLE":718,"DATE":1082,"FLOAT4":700,"FLOAT8":701,"GTSVECTOR":3642,"INET":869,"INT2":21,"INT4":23,"INT8":20,"INTERVAL":1186,"JSON":114,"JSONB":3802,"MACADDR":829,"MACADDR8":774,"MONEY":790,"NUMERIC":1700,"OID":26,"PATH":602,"PG_DEPENDENCIES":3402,"PG_LSN":3220,"PG_NDISTINCT":3361,"PG_NODE_TREE":194,"POLYGON":604,"REFCURSOR":1790,"REGCLASS":2205,"REGCONFIG":3734,"REGDICTIONARY":3769,"REGNAMESPACE":4089,"REGOPER":2203,"REGOPERATOR":2204,"REGPROC":24,"REGPROCEDURE":2202,"REGROLE":4096,"REGTYPE":2206,"RELTIME":703,"SMGR":210,"TEXT":25,"TID":27,"TIME":1083,"TIMESTAMP":1114,"TIMESTAMPTZ":1184,"TIMETZ":1266,"TINTERVAL":704,"TSQUERY":3615,"TSVECTOR":3614,"TXID_SNAPSHOT":2970,"UUID":2950,"VARBIT":1562,"VARCHAR":1043,"XID":28,"XML":142}},"binary":{},"text":{}},"activeQuery":null,"binary":false,"connection":{"_connecting":true,"_emitMessage":false,"_ending":true,"_events":{"end":[null,null]},"_eventsCount":23,"_keepAlive":false,"_keepAliveInitialDelayMillis":0,"lastBuffer":false,"parsedStatements":{},"ssl":false,"stream":{"_closeAfterHandlingError":false,"_events":{"end":[null,null]},"_eventsCount":4,"_hadError":false,"_host":"localhost","_parent":null,"_pendingData":null,"_pendingEncoding":"","_readableState":{"awaitDrainWriters":null,"buffer":{"head":null,"length":0,"tail":null},"highWaterMark":16384,"length":0,"pipes":[]},"_server":null,"_sockname":null,"_writableState":{"bufferedIndex":0,"corked":0,"highWaterMark":16384,"length":0,"pendingcb":0,"writelen":0},"allowHalfOpen":false,"autoSelectFamilyAttemptedAddresses":["::1:5432"],"connecting":false,"server":null}},"connectionParameters":{"binary":false,"client_encoding":"","connect_timeout":0,"database":"ballet_neli","host":"localhost","idle_in_transaction_session_timeout":false,"isDomainSocket":false,"lock_timeout":false,"port":5432,"query_timeout":false,"ssl":false,"statement_timeout":false,"user":"postgres"},"database":"ballet_neli","enableChannelBinding":false,"hasExecuted":true,"host":"localhost","port":5432,"processID":35,"queryQueue":[],"readyForQuery":true,"secretKey":-11632542,"ssl":false,"user":"postgres"},"code":"57P01","file":"postgres.c","length":116,"line":"3075","name":"error","routine":"ProcessInterrupts","severity":"FATAL"},"level":"error","message":"Database error","timestamp":"2025-09-04T13:35:10.394Z"}
{"error":{"code":"ECONNREFUSED"},"level":"error","message":"Failed to start application","timestamp":"2025-09-04T20:04:31.602Z"}
{"error":{"code":"ECONNREFUSED"},"level":"error","message":"Failed to start application","timestamp":"2025-09-04T20:04:48.656Z"}
{"error":{"code":"ECONNREFUSED"},"level":"error","message":"Failed to start application","timestamp":"2025-09-04T20:05:36.884Z"}
{"code":"INVALID_TOKEN","level":"error","message":"Auth controller error Invalid or expired password reset token","statusCode":400,"timestamp":"2025-09-04T20:38:58.472Z"}
{"error":{"address":"::","code":"EADDRINUSE","errno":-4091,"port":8001,"syscall":"listen"},"level":"error","message":"Server error","timestamp":"2025-09-04T21:40:30.401Z"}
{"error":{"client":{"_connected":true,"_connecting":false,"_connectionCallback":null,"_connectionError":false,"_connectionTimeoutMillis":0,"_ended":false,"_ending":true,"_events":{},"_eventsCount":1,"_poolUseCount":1,"_queryable":false,"_types":{"_types":{"arrayParser":{},"builtins":{"ABSTIME":702,"ACLITEM":1033,"BIT":1560,"BOOL":16,"BPCHAR":1042,"BYTEA":17,"CHAR":18,"CID":29,"CIDR":650,"CIRCLE":718,"DATE":1082,"FLOAT4":700,"FLOAT8":701,"GTSVECTOR":3642,"INET":869,"INT2":21,"INT4":23,"INT8":20,"INTERVAL":1186,"JSON":114,"JSONB":3802,"MACADDR":829,"MACADDR8":774,"MONEY":790,"NUMERIC":1700,"OID":26,"PATH":602,"PG_DEPENDENCIES":3402,"PG_LSN":3220,"PG_NDISTINCT":3361,"PG_NODE_TREE":194,"POLYGON":604,"REFCURSOR":1790,"REGCLASS":2205,"REGCONFIG":3734,"REGDICTIONARY":3769,"REGNAMESPACE":4089,"REGOPER":2203,"REGOPERATOR":2204,"REGPROC":24,"REGPROCEDURE":2202,"REGROLE":4096,"REGTYPE":2206,"RELTIME":703,"SMGR":210,"TEXT":25,"TID":27,"TIME":1083,"TIMESTAMP":1114,"TIMESTAMPTZ":1184,"TIMETZ":1266,"TINTERVAL":704,"TSQUERY":3615,"TSVECTOR":3614,"TXID_SNAPSHOT":2970,"UUID":2950,"VARBIT":1562,"VARCHAR":1043,"XID":28,"XML":142}},"binary":{},"text":{}},"activeQuery":null,"binary":false,"connection":{"_connecting":true,"_emitMessage":false,"_ending":false,"_events":{"end":[null,null]},"_eventsCount":23,"_keepAlive":false,"_keepAliveInitialDelayMillis":0,"lastBuffer":false,"parsedStatements":{},"ssl":false,"stream":{"_closeAfterHandlingError":false,"_events":{"end":[null,null]},"_eventsCount":4,"_hadError":false,"_host":"localhost","_parent":null,"_pendingData":null,"_pendingEncoding":"","_readableState":{"awaitDrainWriters":null,"buffer":{"head":null,"length":0,"tail":null},"highWaterMark":16384,"length":0,"pipes":[]},"_server":null,"_sockname":null,"_writableState":{"bufferedIndex":0,"corked":0,"highWaterMark":16384,"length":0,"pendingcb":0,"writelen":0},"allowHalfOpen":false,"autoSelectFamilyAttemptedAddresses":["::1:5432"],"connecting":false,"server":null}},"connectionParameters":{"binary":false,"client_encoding":"","connect_timeout":0,"database":"ballet_neli","host":"localhost","idle_in_transaction_session_timeout":false,"isDomainSocket":false,"lock_timeout":false,"port":5432,"query_timeout":false,"ssl":false,"statement_timeout":false,"user":"postgres"},"database":"ballet_neli","enableChannelBinding":false,"hasExecuted":true,"host":"localhost","port":5432,"processID":350,"queryQueue":[],"readyForQuery":true,"secretKey":487000087,"ssl":false,"user":"postgres"},"code":"57P01","file":"postgres.c","length":116,"line":"3075","name":"error","routine":"ProcessInterrupts","severity":"FATAL"},"level":"error","message":"Database error","timestamp":"2025-09-04T21:46:22.981Z"}
{"error":{"code":"EPIPE","errno":-4047,"syscall":"write"},"level":"error","message":"Uncaught Exception","timestamp":"2025-09-04T21:46:43.089Z"}
{"error":{},"level":"error","message":"Failed to setup invitation module","timestamp":"2025-09-05T10:47:21.427Z"}
{"error":{"code":"42883","file":"parse_func.c","hint":"No function matches the given name and argument types. You might need to add explicit type casts.","length":216,"line":"620","name":"error","position":"8","routine":"ParseFuncOrColumn","severity":"ERROR"},"level":"error","message":"Error during invitation cleanup","timestamp":"2025-09-05T10:47:35.293Z"}
{"error":{},"level":"error","message":"Failed to setup invitation module","timestamp":"2025-09-05T10:47:35.298Z"}
{"error":{"code":"42883","file":"parse_func.c","hint":"No function matches the given name and argument types. You might need to add explicit type casts.","length":216,"line":"620","name":"error","position":"8","routine":"ParseFuncOrColumn","severity":"ERROR"},"level":"error","message":"Error during invitation cleanup","timestamp":"2025-09-05T10:47:48.474Z"}
{"error":{},"level":"error","message":"Failed to setup invitation module","timestamp":"2025-09-05T10:47:48.480Z"}
{"error":{"code":"42883","file":"parse_func.c","hint":"No function matches the given name and argument types. You might need to add explicit type casts.","length":216,"line":"620","name":"error","position":"8","routine":"ParseFuncOrColumn","severity":"ERROR"},"level":"error","message":"Error during invitation cleanup","timestamp":"2025-09-05T10:48:27.214Z"}
{"error":{},"level":"error","message":"Failed to setup invitation module","timestamp":"2025-09-05T10:48:27.230Z"}
{"error":{},"level":"error","message":"Failed to setup invitation module","timestamp":"2025-09-05T10:51:18.048Z"}
{"error":{},"level":"error","message":"Failed to setup invitation module","timestamp":"2025-09-05T10:51:31.785Z"}
{"error":{"code":"42883","file":"parse_func.c","hint":"No function matches the given name and argument types. You might need to add explicit type casts.","length":216,"line":"620","name":"error","position":"8","routine":"ParseFuncOrColumn","severity":"ERROR"},"level":"error","message":"Error during invitation cleanup","timestamp":"2025-09-05T10:51:31.789Z"}
{"error":{},"level":"error","message":"Failed to setup invitation module","timestamp":"2025-09-05T10:51:41.600Z"}
{"error":{"code":"42883","file":"parse_func.c","hint":"No function matches the given name and argument types. You might need to add explicit type casts.","length":216,"line":"620","name":"error","position":"8","routine":"ParseFuncOrColumn","severity":"ERROR"},"level":"error","message":"Error during invitation cleanup","timestamp":"2025-09-05T10:51:41.603Z"}
{"error":{"code":"42883","file":"parse_func.c","hint":"No function matches the given name and argument types. You might need to add explicit type casts.","length":216,"line":"620","name":"error","position":"8","routine":"ParseFuncOrColumn","severity":"ERROR"},"level":"error","message":"Error during invitation cleanup","timestamp":"2025-09-05T10:57:50.880Z"}
{"error":{"code":"42883","file":"parse_func.c","hint":"No function matches the given name and argument types. You might need to add explicit type casts.","length":216,"line":"620","name":"error","position":"8","routine":"ParseFuncOrColumn","severity":"ERROR"},"level":"error","message":"Error during invitation cleanup","timestamp":"2025-09-05T10:58:08.884Z"}
{"error":{},"level":"error","message":"Failed to setup invitation module","timestamp":"2025-09-05T10:58:15.946Z"}
{"error":{"code":"42883","file":"parse_func.c","hint":"No function matches the given name and argument types. You might need to add explicit type casts.","length":216,"line":"620","name":"error","position":"8","routine":"ParseFuncOrColumn","severity":"ERROR"},"level":"error","message":"Error during invitation cleanup","timestamp":"2025-09-05T10:58:15.951Z"}
{"error":{},"level":"error","message":"Failed to setup invitation module","timestamp":"2025-09-05T10:58:31.395Z"}
{"error":{"code":"42883","file":"parse_func.c","hint":"No function matches the given name and argument types. You might need to add explicit type casts.","length":216,"line":"620","name":"error","position":"8","routine":"ParseFuncOrColumn","severity":"ERROR"},"level":"error","message":"Error during invitation cleanup","timestamp":"2025-09-05T10:58:31.398Z"}
{"error":{},"level":"error","message":"Failed to setup invitation module","timestamp":"2025-09-05T10:58:41.846Z"}
{"error":{"code":"42883","file":"parse_func.c","hint":"No function matches the given name and argument types. You might need to add explicit type casts.","length":216,"line":"620","name":"error","position":"8","routine":"ParseFuncOrColumn","severity":"ERROR"},"level":"error","message":"Error during invitation cleanup","timestamp":"2025-09-05T10:58:41.850Z"}
{"error":{},"level":"error","message":"Failed to setup invitation module","timestamp":"2025-09-05T10:58:49.205Z"}
{"error":{"code":"42883","file":"parse_func.c","hint":"No function matches the given name and argument types. You might need to add explicit type casts.","length":216,"line":"620","name":"error","position":"8","routine":"ParseFuncOrColumn","severity":"ERROR"},"level":"error","message":"Error during invitation cleanup","timestamp":"2025-09-05T10:58:49.211Z"}
{"error":{},"level":"error","message":"Failed to setup auth module","timestamp":"2025-09-05T10:58:56.392Z"}
{"error":{},"level":"error","message":"Failed to setup invitation module","timestamp":"2025-09-05T10:59:05.887Z"}
{"error":{"code":"42883","file":"parse_func.c","hint":"No function matches the given name and argument types. You might need to add explicit type casts.","length":216,"line":"620","name":"error","position":"8","routine":"ParseFuncOrColumn","severity":"ERROR"},"level":"error","message":"Error during invitation cleanup","timestamp":"2025-09-05T10:59:05.891Z"}
{"error":{},"level":"error","message":"Failed to setup invitation module","timestamp":"2025-09-05T10:59:13.148Z"}
{"error":{"code":"42883","file":"parse_func.c","hint":"No function matches the given name and argument types. You might need to add explicit type casts.","length":216,"line":"620","name":"error","position":"8","routine":"ParseFuncOrColumn","severity":"ERROR"},"level":"error","message":"Error during invitation cleanup","timestamp":"2025-09-05T10:59:13.152Z"}
{"error":{"code":"42883","file":"parse_func.c","hint":"No function matches the given name and argument types. You might need to add explicit type casts.","length":216,"line":"620","name":"error","position":"8","routine":"ParseFuncOrColumn","severity":"ERROR"},"level":"error","message":"Error during invitation cleanup","timestamp":"2025-09-05T10:59:36.395Z"}
{"error":{"code":"42883","file":"parse_func.c","hint":"No function matches the given name and argument types. You might need to add explicit type casts.","length":216,"line":"620","name":"error","position":"8","routine":"ParseFuncOrColumn","severity":"ERROR"},"level":"error","message":"Error during invitation cleanup","timestamp":"2025-09-05T11:01:44.053Z"}
{"error":{"code":"42P01","file":"parse_relation.c","length":111,"line":"1373","name":"error","position":"423","routine":"parserOpenTable","severity":"ERROR"},"level":"error","message":"Error validating invitation","timestamp":"2025-09-05T11:01:56.836Z","token":"asd..."}
{"error":{"code":"42883","file":"parse_func.c","hint":"No function matches the given name and argument types. You might need to add explicit type casts.","length":216,"line":"620","name":"error","position":"8","routine":"ParseFuncOrColumn","severity":"ERROR"},"level":"error","message":"Error during invitation cleanup","timestamp":"2025-09-05T11:06:29.211Z"}
{"error":{"code":"42883","file":"parse_func.c","hint":"No function matches the given name and argument types. You might need to add explicit type casts.","length":216,"line":"620","name":"error","position":"8","routine":"ParseFuncOrColumn","severity":"ERROR"},"level":"error","message":"Error during invitation cleanup","timestamp":"2025-09-05T11:06:50.125Z"}
{"code":"EMAIL_ALREADY_EXISTS","level":"error","message":"Auth controller error Email address is already registered","statusCode":409,"timestamp":"2025-09-05T11:06:53.356Z"}
{"error":{"code":"42883","file":"parse_func.c","hint":"No function matches the given name and argument types. You might need to add explicit type casts.","length":216,"line":"620","name":"error","position":"8","routine":"ParseFuncOrColumn","severity":"ERROR"},"level":"error","message":"Error during invitation cleanup","timestamp":"2025-09-05T11:07:17.688Z"}
{"error":{"code":"42883","file":"parse_func.c","hint":"No function matches the given name and argument types. You might need to add explicit type casts.","length":216,"line":"620","name":"error","position":"8","routine":"ParseFuncOrColumn","severity":"ERROR"},"level":"error","message":"Error during invitation cleanup","timestamp":"2025-09-05T11:07:28.856Z"}
{"error":{"code":"42883","file":"parse_func.c","hint":"No function matches the given name and argument types. You might need to add explicit type casts.","length":216,"line":"620","name":"error","position":"8","routine":"ParseFuncOrColumn","severity":"ERROR"},"level":"error","message":"Error during invitation cleanup","timestamp":"2025-09-05T11:07:40.870Z"}
{"error":{"code":"42883","file":"parse_func.c","hint":"No function matches the given name and argument types. You might need to add explicit type casts.","length":216,"line":"620","name":"error","position":"8","routine":"ParseFuncOrColumn","severity":"ERROR"},"level":"error","message":"Error during invitation cleanup","timestamp":"2025-09-05T11:07:56.702Z"}
{"error":{"code":"42883","file":"parse_func.c","hint":"No function matches the given name and argument types. You might need to add explicit type casts.","length":216,"line":"620","name":"error","position":"8","routine":"ParseFuncOrColumn","severity":"ERROR"},"level":"error","message":"Error during invitation cleanup","timestamp":"2025-09-05T11:08:17.291Z"}
{"error":{"code":"42883","file":"parse_func.c","hint":"No function matches the given name and argument types. You might need to add explicit type casts.","length":216,"line":"620","name":"error","position":"8","routine":"ParseFuncOrColumn","severity":"ERROR"},"level":"error","message":"Error during invitation cleanup","timestamp":"2025-09-05T11:09:05.375Z"}
{"error":{"code":"42883","file":"parse_func.c","hint":"No function matches the given name and argument types. You might need to add explicit type casts.","length":216,"line":"620","name":"error","position":"8","routine":"ParseFuncOrColumn","severity":"ERROR"},"level":"error","message":"Error during invitation cleanup","timestamp":"2025-09-05T11:13:47.962Z"}
{"error":{"code":"42883","file":"parse_func.c","hint":"No function matches the given name and argument types. You might need to add explicit type casts.","length":216,"line":"620","name":"error","position":"8","routine":"ParseFuncOrColumn","severity":"ERROR"},"level":"error","message":"Error during invitation cleanup","timestamp":"2025-09-05T11:14:26.338Z"}
{"error":{"code":"42883","file":"parse_func.c","hint":"No function matches the given name and argument types. You might need to add explicit type casts.","length":216,"line":"620","name":"error","position":"8","routine":"ParseFuncOrColumn","severity":"ERROR"},"level":"error","message":"Error during invitation cleanup","timestamp":"2025-09-05T11:14:44.553Z"}
{"error":{"code":"42883","file":"parse_func.c","hint":"No function matches the given name and argument types. You might need to add explicit type casts.","length":216,"line":"620","name":"error","position":"8","routine":"ParseFuncOrColumn","severity":"ERROR"},"level":"error","message":"Error during invitation cleanup","timestamp":"2025-09-05T11:14:53.363Z"}
{"error":{"code":"42883","file":"parse_func.c","hint":"No function matches the given name and argument types. You might need to add explicit type casts.","length":216,"line":"620","name":"error","position":"8","routine":"ParseFuncOrColumn","severity":"ERROR"},"level":"error","message":"Error during invitation cleanup","timestamp":"2025-09-05T11:15:10.118Z"}
{"error":{"code":"42883","file":"parse_func.c","hint":"No function matches the given name and argument types. You might need to add explicit type casts.","length":216,"line":"620","name":"error","position":"8","routine":"ParseFuncOrColumn","severity":"ERROR"},"level":"error","message":"Error during invitation cleanup","timestamp":"2025-09-05T11:15:24.832Z"}
{"error":{"code":"42883","file":"parse_func.c","hint":"No function matches the given name and argument types. You might need to add explicit type casts.","length":216,"line":"620","name":"error","position":"8","routine":"ParseFuncOrColumn","severity":"ERROR"},"level":"error","message":"Error during invitation cleanup","timestamp":"2025-09-05T11:16:12.210Z"}
{"error":{"code":"42883","file":"parse_func.c","hint":"No function matches the given name and argument types. You might need to add explicit type casts.","length":216,"line":"620","name":"error","position":"8","routine":"ParseFuncOrColumn","severity":"ERROR"},"level":"error","message":"Error during invitation cleanup","timestamp":"2025-09-05T11:22:07.227Z"}
{"error":{"code":"42883","file":"parse_func.c","hint":"No function matches the given name and argument types. You might need to add explicit type casts.","length":216,"line":"620","name":"error","position":"8","routine":"ParseFuncOrColumn","severity":"ERROR"},"level":"error","message":"Error during invitation cleanup","timestamp":"2025-09-05T11:22:12.832Z"}
{"error":{"code":"42883","file":"parse_func.c","hint":"No function matches the given name and argument types. You might need to add explicit type casts.","length":216,"line":"620","name":"error","position":"8","routine":"ParseFuncOrColumn","severity":"ERROR"},"level":"error","message":"Error during invitation cleanup","timestamp":"2025-09-05T11:22:39.413Z"}
{"error":{"code":"42883","file":"parse_func.c","hint":"No function matches the given name and argument types. You might need to add explicit type casts.","length":216,"line":"620","name":"error","position":"8","routine":"ParseFuncOrColumn","severity":"ERROR"},"level":"error","message":"Error during invitation cleanup","timestamp":"2025-09-05T11:23:00.384Z"}
{"error":{"code":"42883","file":"parse_func.c","hint":"No function matches the given name and argument types. You might need to add explicit type casts.","length":216,"line":"620","name":"error","position":"8","routine":"ParseFuncOrColumn","severity":"ERROR"},"level":"error","message":"Error during invitation cleanup","timestamp":"2025-09-05T11:23:42.255Z"}
{"error":{"code":"42883","file":"parse_func.c","hint":"No function matches the given name and argument types. You might need to add explicit type casts.","length":216,"line":"620","name":"error","position":"8","routine":"ParseFuncOrColumn","severity":"ERROR"},"level":"error","message":"Error during invitation cleanup","timestamp":"2025-09-05T11:23:50.907Z"}
{"error":{"code":"42883","file":"parse_func.c","hint":"No function matches the given name and argument types. You might need to add explicit type casts.","length":216,"line":"620","name":"error","position":"8","routine":"ParseFuncOrColumn","severity":"ERROR"},"level":"error","message":"Error during invitation cleanup","timestamp":"2025-09-05T11:23:53.588Z"}
{"error":{"code":"42883","file":"parse_func.c","hint":"No function matches the given name and argument types. You might need to add explicit type casts.","length":216,"line":"620","name":"error","position":"8","routine":"ParseFuncOrColumn","severity":"ERROR"},"level":"error","message":"Error during invitation cleanup","timestamp":"2025-09-05T11:24:10.172Z"}
{"error":{"code":"42883","file":"parse_func.c","hint":"No function matches the given name and argument types. You might need to add explicit type casts.","length":216,"line":"620","name":"error","position":"8","routine":"ParseFuncOrColumn","severity":"ERROR"},"level":"error","message":"Error during invitation cleanup","timestamp":"2025-09-05T11:24:16.632Z"}
{"error":{"code":"42883","file":"parse_func.c","hint":"No function matches the given name and argument types. You might need to add explicit type casts.","length":216,"line":"620","name":"error","position":"8","routine":"ParseFuncOrColumn","severity":"ERROR"},"level":"error","message":"Error during invitation cleanup","timestamp":"2025-09-05T11:24:27.584Z"}
{"error":{"code":"42883","file":"parse_func.c","hint":"No function matches the given name and argument types. You might need to add explicit type casts.","length":216,"line":"620","name":"error","position":"8","routine":"ParseFuncOrColumn","severity":"ERROR"},"level":"error","message":"Error during invitation cleanup","timestamp":"2025-09-05T11:24:38.876Z"}
{"error":{"code":"42883","file":"parse_func.c","hint":"No function matches the given name and argument types. You might need to add explicit type casts.","length":216,"line":"620","name":"error","position":"8","routine":"ParseFuncOrColumn","severity":"ERROR"},"level":"error","message":"Error during invitation cleanup","timestamp":"2025-09-05T11:24:47.422Z"}
{"error":{"code":"42883","file":"parse_func.c","hint":"No function matches the given name and argument types. You might need to add explicit type casts.","length":216,"line":"620","name":"error","position":"8","routine":"ParseFuncOrColumn","severity":"ERROR"},"level":"error","message":"Error during invitation cleanup","timestamp":"2025-09-05T11:24:53.719Z"}
{"error":{"code":"42883","file":"parse_func.c","hint":"No function matches the given name and argument types. You might need to add explicit type casts.","length":216,"line":"620","name":"error","position":"8","routine":"ParseFuncOrColumn","severity":"ERROR"},"level":"error","message":"Error during invitation cleanup","timestamp":"2025-09-05T11:25:00.515Z"}
{"error":{"code":"42883","file":"parse_func.c","hint":"No function matches the given name and argument types. You might need to add explicit type casts.","length":216,"line":"620","name":"error","position":"8","routine":"ParseFuncOrColumn","severity":"ERROR"},"level":"error","message":"Error during invitation cleanup","timestamp":"2025-09-05T11:25:08.522Z"}
{"error":{"code":"42883","file":"parse_func.c","hint":"No function matches the given name and argument types. You might need to add explicit type casts.","length":216,"line":"620","name":"error","position":"8","routine":"ParseFuncOrColumn","severity":"ERROR"},"level":"error","message":"Error during invitation cleanup","timestamp":"2025-09-05T11:25:16.416Z"}
{"error":{"code":"42883","file":"parse_func.c","hint":"No function matches the given name and argument types. You might need to add explicit type casts.","length":216,"line":"620","name":"error","position":"8","routine":"ParseFuncOrColumn","severity":"ERROR"},"level":"error","message":"Error during invitation cleanup","timestamp":"2025-09-05T11:25:24.795Z"}
{"error":{"code":"42883","file":"parse_func.c","hint":"No function matches the given name and argument types. You might need to add explicit type casts.","length":216,"line":"620","name":"error","position":"8","routine":"ParseFuncOrColumn","severity":"ERROR"},"level":"error","message":"Error during invitation cleanup","timestamp":"2025-09-05T11:26:41.680Z"}
{"error":{},"level":"error","message":"Failed to invite student","timestamp":"2025-09-05T11:27:58.562Z","userId":"45701370-3705-4a90-8b76-d5d71a2a18dd"}
{"error":{"code":"42883","file":"parse_func.c","hint":"No function matches the given name and argument types. You might need to add explicit type casts.","length":216,"line":"620","name":"error","position":"8","routine":"ParseFuncOrColumn","severity":"ERROR"},"level":"error","message":"Error during invitation cleanup","timestamp":"2025-09-05T11:31:16.393Z"}
{"error":{"code":"42883","file":"parse_func.c","hint":"No function matches the given name and argument types. You might need to add explicit type casts.","length":216,"line":"620","name":"error","position":"8","routine":"ParseFuncOrColumn","severity":"ERROR"},"level":"error","message":"Error during invitation cleanup","timestamp":"2025-09-05T11:31:18.682Z"}
{"error":{"code":"42883","file":"parse_func.c","hint":"No function matches the given name and argument types. You might need to add explicit type casts.","length":216,"line":"620","name":"error","position":"8","routine":"ParseFuncOrColumn","severity":"ERROR"},"level":"error","message":"Error during invitation cleanup","timestamp":"2025-09-05T11:31:54.484Z"}
{"error":{"code":"42883","file":"parse_func.c","hint":"No function matches the given name and argument types. You might need to add explicit type casts.","length":216,"line":"620","name":"error","position":"8","routine":"ParseFuncOrColumn","severity":"ERROR"},"level":"error","message":"Error during invitation cleanup","timestamp":"2025-09-05T11:32:33.089Z"}
{"error":{"code":"42883","file":"parse_func.c","hint":"No function matches the given name and argument types. You might need to add explicit type casts.","length":216,"line":"620","name":"error","position":"8","routine":"ParseFuncOrColumn","severity":"ERROR"},"level":"error","message":"Error during invitation cleanup","timestamp":"2025-09-05T11:33:08.203Z"}
{"error":{},"level":"error","message":"Failed to invite student","timestamp":"2025-09-05T11:33:09.182Z","userId":"45701370-3705-4a90-8b76-d5d71a2a18dd"}
{"error":{"code":"42883","file":"parse_func.c","hint":"No function matches the given name and argument types. You might need to add explicit type casts.","length":216,"line":"620","name":"error","position":"8","routine":"ParseFuncOrColumn","severity":"ERROR"},"level":"error","message":"Error during invitation cleanup","timestamp":"2025-09-05T11:34:06.836Z"}
{"error":{"code":"42883","file":"parse_func.c","hint":"No function matches the given name and argument types. You might need to add explicit type casts.","length":216,"line":"620","name":"error","position":"8","routine":"ParseFuncOrColumn","severity":"ERROR"},"level":"error","message":"Error during invitation cleanup","timestamp":"2025-09-05T11:47:38.851Z"}
{"error":{},"level":"error","message":"Error during invitation cleanup","timestamp":"2025-09-05T11:48:20.938Z"}
{"error":{},"level":"error","message":"Error during invitation cleanup","timestamp":"2025-09-05T11:48:31.008Z"}
{"error":{},"level":"error","message":"Error during invitation cleanup","timestamp":"2025-09-05T11:49:30.903Z"}
{"error":{},"level":"error","message":"Error during invitation cleanup","timestamp":"2025-09-05T11:50:31.655Z"}
{"error":{},"level":"error","message":"Failed to setup invitation module","timestamp":"2025-09-05T11:50:31.684Z"}
{"error":{},"level":"error","message":"Error during invitation cleanup","timestamp":"2025-09-05T11:51:39.267Z"}
{"error":{},"level":"error","message":"Error during invitation cleanup","timestamp":"2025-09-05T11:56:23.057Z"}
{"createdBy":"45701370-3705-4a90-8b76-d5d71a2a18dd","error":{"code":"23503","constraint":"invitations_session_id_fkey","detail":"Key (session_id)=(3fa85f64-5717-4562-b3fc-2c963f66afa6) is not present in table \"class_sessions\".","file":"ri_triggers.c","length":319,"line":"2465","name":"error","routine":"ri_ReportViolation","schema":"public","severity":"ERROR","table":"invitations"},"level":"error","message":"Failed to create invitation","request":{"establishmentId":"0a9edc36-9a58-4f0b-a007-3f1ae8ad050d","expiryHours":24,"message":"string","sessionId":"3fa85f64-5717-4562-b3fc-2c963f66afa6","type":"student","usageLimit":50},"timestamp":"2025-09-05T11:57:17.941Z"}
{"error":{"code":"23503","constraint":"invitations_session_id_fkey","detail":"Key (session_id)=(3fa85f64-5717-4562-b3fc-2c963f66afa6) is not present in table \"class_sessions\".","file":"ri_triggers.c","length":319,"line":"2465","name":"error","routine":"ri_ReportViolation","schema":"public","severity":"ERROR","table":"invitations"},"level":"error","message":"Failed to create student invitation","timestamp":"2025-09-05T11:57:17.942Z","userId":"45701370-3705-4a90-8b76-d5d71a2a18dd"}
{"createdBy":"45701370-3705-4a90-8b76-d5d71a2a18dd","error":{"code":"42703","file":"parse_relation.c","length":107,"line":"3562","name":"error","position":"341","routine":"errorMissingColumn","severity":"ERROR"},"level":"error","message":"Failed to create invitation","request":{"establishmentId":"0a9edc36-9a58-4f0b-a007-3f1ae8ad050d","expiryHours":24,"message":"string","type":"student","usageLimit":50},"timestamp":"2025-09-05T12:04:53.729Z"}
{"error":{"code":"42703","file":"parse_relation.c","length":107,"line":"3562","name":"error","position":"341","routine":"errorMissingColumn","severity":"ERROR"},"level":"error","message":"Failed to create student invitation","timestamp":"2025-09-05T12:04:53.730Z","userId":"45701370-3705-4a90-8b76-d5d71a2a18dd"}
{"error":{},"level":"error","message":"Error during invitation cleanup","timestamp":"2025-09-05T12:08:50.538Z"}
{"error":{},"level":"error","message":"Error during invitation cleanup","timestamp":"2025-09-05T12:09:00.802Z"}
{"defaultMessage":"Logout failed","error":{},"level":"error","message":"Unexpected auth controller error","timestamp":"2025-09-05T12:11:48.338Z"}
{"defaultMessage":"Logout failed","error":{},"level":"error","message":"Unexpected auth controller error","timestamp":"2025-09-05T12:11:49.602Z"}
{"defaultMessage":"Logout failed","error":{},"level":"error","message":"Unexpected auth controller error","timestamp":"2025-09-05T12:11:50.806Z"}
{"defaultMessage":"Logout failed","error":{},"level":"error","message":"Unexpected auth controller error","timestamp":"2025-09-05T12:11:51.738Z"}
{"defaultMessage":"Logout failed","error":{},"level":"error","message":"Unexpected auth controller error","timestamp":"2025-09-05T12:11:51.927Z"}
{"defaultMessage":"Logout failed","error":{},"level":"error","message":"Unexpected auth controller error","timestamp":"2025-09-05T12:14:19.465Z"}
{"defaultMessage":"Logout failed","error":{},"level":"error","message":"Unexpected auth controller error","timestamp":"2025-09-05T12:14:20.573Z"}
{"defaultMessage":"Logout failed","error":{},"level":"error","message":"Unexpected auth controller error","timestamp":"2025-09-05T12:14:21.094Z"}
{"defaultMessage":"Logout failed","error":{},"level":"error","message":"Unexpected auth controller error","timestamp":"2025-09-05T12:14:22.038Z"}
{"defaultMessage":"Logout failed","error":{},"level":"error","message":"Unexpected auth controller error","timestamp":"2025-09-05T12:14:22.248Z"}
{"defaultMessage":"Logout failed","error":{},"level":"error","message":"Unexpected auth controller error","timestamp":"2025-09-05T12:14:22.745Z"}
{"defaultMessage":"Logout failed","error":{},"level":"error","message":"Unexpected auth controller error","timestamp":"2025-09-05T12:14:22.872Z"}
{"defaultMessage":"Logout failed","error":{},"level":"error","message":"Unexpected auth controller error","timestamp":"2025-09-05T12:14:22.995Z"}
{"defaultMessage":"Logout failed","error":{},"level":"error","message":"Unexpected auth controller error","timestamp":"2025-09-05T12:14:23.007Z"}
{"defaultMessage":"Logout failed","error":{},"level":"error","message":"Unexpected auth controller error","timestamp":"2025-09-05T12:14:23.118Z"}
{"defaultMessage":"Logout failed","error":{},"level":"error","message":"Unexpected auth controller error","timestamp":"2025-09-05T12:14:23.132Z"}
{"defaultMessage":"Logout failed","error":{},"level":"error","message":"Unexpected auth controller error","timestamp":"2025-09-05T12:14:23.894Z"}
{"defaultMessage":"Logout failed","error":{},"level":"error","message":"Unexpected auth controller error","timestamp":"2025-09-05T12:14:23.964Z"}
{"defaultMessage":"Logout failed","error":{},"level":"error","message":"Unexpected auth controller error","timestamp":"2025-09-05T12:14:24.059Z"}
{"defaultMessage":"Logout failed","error":{},"level":"error","message":"Unexpected auth controller error","timestamp":"2025-09-05T12:14:24.259Z"}
{"defaultMessage":"Logout failed","error":{},"level":"error","message":"Unexpected auth controller error","timestamp":"2025-09-05T12:14:24.650Z"}
{"defaultMessage":"Logout failed","error":{},"level":"error","message":"Unexpected auth controller error","timestamp":"2025-09-05T12:14:25.372Z"}
{"defaultMessage":"Logout failed","error":{},"level":"error","message":"Unexpected auth controller error","timestamp":"2025-09-05T12:14:26.025Z"}
{"defaultMessage":"Logout failed","error":{},"level":"error","message":"Unexpected auth controller error","timestamp":"2025-09-05T12:14:26.364Z"}
{"defaultMessage":"Logout failed","error":{},"level":"error","message":"Unexpected auth controller error","timestamp":"2025-09-05T12:14:26.396Z"}
{"defaultMessage":"Logout failed","error":{},"level":"error","message":"Unexpected auth controller error","timestamp":"2025-09-05T12:14:26.538Z"}
{"defaultMessage":"Logout failed","error":{},"level":"error","message":"Unexpected auth controller error","timestamp":"2025-09-05T12:14:27.764Z"}
{"defaultMessage":"Logout failed","error":{},"level":"error","message":"Unexpected auth controller error","timestamp":"2025-09-05T12:14:28.854Z"}
{"defaultMessage":"Logout failed","error":{},"level":"error","message":"Unexpected auth controller error","timestamp":"2025-09-05T12:14:29.694Z"}
{"defaultMessage":"Logout failed","error":{},"level":"error","message":"Unexpected auth controller error","timestamp":"2025-09-05T12:14:30.744Z"}
{"error":{},"level":"error","message":"Error during invitation cleanup","timestamp":"2025-09-05T12:15:32.110Z"}
{"defaultMessage":"Logout failed","error":{},"level":"error","message":"Unexpected auth controller error","timestamp":"2025-09-05T12:15:32.239Z"}
{"defaultMessage":"Logout failed","error":{},"level":"error","message":"Unexpected auth controller error","timestamp":"2025-09-05T12:15:32.264Z"}
{"defaultMessage":"Logout failed","error":{},"level":"error","message":"Unexpected auth controller error","timestamp":"2025-09-05T12:15:32.267Z"}
{"defaultMessage":"Logout failed","error":{},"level":"error","message":"Unexpected auth controller error","timestamp":"2025-09-05T12:15:49.603Z"}
{"defaultMessage":"Logout failed","error":{},"level":"error","message":"Unexpected auth controller error","timestamp":"2025-09-05T12:15:50.670Z"}
{"defaultMessage":"Logout failed","error":{},"level":"error","message":"Unexpected auth controller error","timestamp":"2025-09-05T12:17:24.776Z"}
{"defaultMessage":"Logout failed","error":{},"level":"error","message":"Unexpected auth controller error","timestamp":"2025-09-05T12:17:29.241Z"}
{"error":{},"level":"error","message":"Error during invitation cleanup","timestamp":"2025-09-05T12:24:20.195Z"}
{"error":{},"level":"error","message":"Error during invitation cleanup","timestamp":"2025-09-05T12:24:33.416Z"}
{"error":{},"level":"error","message":"Error during invitation cleanup","timestamp":"2025-09-05T12:24:42.380Z"}
{"error":{},"level":"error","message":"Failed to accept invitation","timestamp":"2025-09-05T12:25:39.013Z","token":"eyJhbGci...","userId":"89351696-e11b-464a-9fab-aa065c8f9e3a"}
{"error":{},"level":"error","message":"Failed to accept invitation","timestamp":"2025-09-05T12:25:39.013Z","token":"eyJhbGci...","userId":"89351696-e11b-464a-9fab-aa065c8f9e3a"}
{"defaultMessage":"Logout failed","error":{},"level":"error","message":"Unexpected auth controller error","timestamp":"2025-09-05T12:26:13.844Z"}
{"defaultMessage":"Logout failed","error":{},"level":"error","message":"Unexpected auth controller error","timestamp":"2025-09-05T12:26:15.094Z"}
{"defaultMessage":"Logout failed","error":{},"level":"error","message":"Unexpected auth controller error","timestamp":"2025-09-05T12:26:17.236Z"}
{"error":{},"level":"error","message":"Failed to accept invitation","timestamp":"2025-09-05T12:28:18.064Z","token":"ZbGplaZS...","userId":"45701370-3705-4a90-8b76-d5d71a2a18dd"}
{"error":{},"level":"error","message":"Failed to accept invitation","timestamp":"2025-09-05T12:28:18.065Z","token":"ZbGplaZS...","userId":"45701370-3705-4a90-8b76-d5d71a2a18dd"}
{"error":{},"level":"error","message":"Error during invitation cleanup","timestamp":"2025-09-05T12:30:12.703Z"}
{"error":{},"level":"error","message":"Error during invitation cleanup","timestamp":"2025-09-05T12:30:23.892Z"}
{"error":{},"level":"error","message":"Error during invitation cleanup","timestamp":"2025-09-05T12:30:26.795Z"}
{"error":{},"level":"error","message":"Error during invitation cleanup","timestamp":"2025-09-05T12:31:17.687Z"}
{"error":{},"level":"error","message":"Failed to accept invitation","timestamp":"2025-09-05T12:32:40.155Z","token":"ZbGplaZS...","userId":"45701370-3705-4a90-8b76-d5d71a2a18dd"}
{"error":{},"level":"error","message":"Failed to accept invitation","timestamp":"2025-09-05T12:32:40.156Z","token":"ZbGplaZS...","userId":"45701370-3705-4a90-8b76-d5d71a2a18dd"}
{"error":{},"level":"error","message":"Error during invitation cleanup","timestamp":"2025-09-05T12:33:10.046Z"}
{"error":{},"level":"error","message":"Failed to accept invitation","timestamp":"2025-09-05T12:34:46.299Z","token":"ZbGplaZS...","userId":"89351696-e11b-464a-9fab-aa065c8f9e3a"}
{"error":{},"level":"error","message":"Failed to accept invitation","timestamp":"2025-09-05T12:34:46.300Z","token":"ZbGplaZS...","userId":"89351696-e11b-464a-9fab-aa065c8f9e3a"}
{"defaultMessage":"Logout failed","error":{},"level":"error","message":"Unexpected auth controller error","timestamp":"2025-09-05T12:46:04.068Z"}
{"defaultMessage":"Logout failed","error":{},"level":"error","message":"Unexpected auth controller error","timestamp":"2025-09-05T12:46:05.111Z"}
{"defaultMessage":"Logout failed","error":{},"level":"error","message":"Unexpected auth controller error","timestamp":"2025-09-05T12:46:07.501Z"}
{"defaultMessage":"Logout failed","error":{},"level":"error","message":"Unexpected auth controller error","timestamp":"2025-09-05T12:46:12.236Z"}
{"error":{},"level":"error","message":"Error during invitation cleanup","timestamp":"2025-09-05T13:01:55.295Z"}
{"error":{},"level":"error","message":"Error during invitation cleanup","timestamp":"2025-09-05T13:03:41.288Z"}
{"error":{},"level":"error","message":"Error during invitation cleanup","timestamp":"2025-09-05T13:21:37.828Z"}
{"error":{},"level":"error","message":"Error during invitation cleanup","timestamp":"2025-09-05T13:22:30.350Z"}
{"error":{},"level":"error","message":"Error during invitation cleanup","timestamp":"2025-09-05T13:23:39.095Z"}
{"error":{},"level":"error","message":"Error during invitation cleanup","timestamp":"2025-09-05T13:23:46.459Z"}
{"error":{},"level":"error","message":"Error during invitation cleanup","timestamp":"2025-09-05T13:26:44.082Z"}
{"error":{},"level":"error","message":"Error during invitation cleanup","timestamp":"2025-09-05T13:27:25.195Z"}
{"error":{},"level":"error","message":"Error during invitation cleanup","timestamp":"2025-09-05T13:28:19.520Z"}
{"error":{},"level":"error","message":"Error during invitation cleanup","timestamp":"2025-09-05T13:28:25.848Z"}
{"error":{},"level":"error","message":"Error during invitation cleanup","timestamp":"2025-09-05T13:28:44.735Z"}
{"error":{},"level":"error","message":"Error during invitation cleanup","timestamp":"2025-09-05T13:28:52.846Z"}
{"error":{},"level":"error","message":"Error during invitation cleanup","timestamp":"2025-09-05T13:29:06.282Z"}
{"error":{},"level":"error","message":"Error during invitation cleanup","timestamp":"2025-09-05T13:29:11.410Z"}
{"error":{},"level":"error","message":"Error during invitation cleanup","timestamp":"2025-09-05T13:29:34.111Z"}
{"error":{},"level":"error","message":"Error during invitation cleanup","timestamp":"2025-09-05T13:29:46.710Z"}
{"error":{},"level":"error","message":"Failed to get invitations","timestamp":"2025-09-05T13:29:46.806Z","userId":"45701370-3705-4a90-8b76-d5d71a2a18dd"}
{"error":{},"level":"error","message":"Error during invitation cleanup","timestamp":"2025-09-05T13:29:55.225Z"}
{"error":{},"level":"error","message":"Failed to get invitations","timestamp":"2025-09-05T13:29:56.730Z","userId":"45701370-3705-4a90-8b76-d5d71a2a18dd"}
{"error":{},"level":"error","message":"Error during invitation cleanup","timestamp":"2025-09-05T13:30:24.776Z"}
{"error":{},"level":"error","message":"Failed to get invitations","timestamp":"2025-09-05T13:30:26.522Z","userId":"45701370-3705-4a90-8b76-d5d71a2a18dd"}
{"error":{},"level":"error","message":"Error during invitation cleanup","timestamp":"2025-09-05T13:31:10.324Z"}
{"error":{},"level":"error","message":"Failed to get invitations","timestamp":"2025-09-05T13:31:11.490Z","userId":"45701370-3705-4a90-8b76-d5d71a2a18dd"}
{"error":{},"level":"error","message":"Error during invitation cleanup","timestamp":"2025-09-05T13:39:42.244Z"}
{"error":{},"level":"error","message":"Error during invitation cleanup","timestamp":"2025-09-05T13:43:27.488Z"}
{"error":{},"level":"error","message":"Error during invitation cleanup","timestamp":"2025-09-05T13:44:17.459Z"}
{"error":{},"level":"error","message":"Failed to get invitations","timestamp":"2025-09-05T14:16:44.677Z","userId":"45701370-3705-4a90-8b76-d5d71a2a18dd"}
{"error":{},"level":"error","message":"Error during invitation cleanup","timestamp":"2025-09-05T14:20:49.654Z"}
{"error":{},"level":"error","message":"Error during invitation cleanup","timestamp":"2025-09-05T14:24:23.715Z"}
{"error":{},"level":"error","message":"Error during invitation cleanup","timestamp":"2025-09-05T14:24:45.380Z"}
{"error":{},"level":"error","message":"Error during invitation cleanup","timestamp":"2025-09-05T14:25:26.586Z"}
{"error":{},"level":"error","message":"Error during invitation cleanup","timestamp":"2025-09-05T14:25:39.038Z"}
{"error":{},"level":"error","message":"Error during invitation cleanup","timestamp":"2025-09-05T14:26:45.083Z"}
{"error":{},"level":"error","message":"Error during invitation cleanup","timestamp":"2025-09-05T14:27:52.398Z"}
{"error":{},"level":"error","message":"Error during invitation cleanup","timestamp":"2025-09-05T14:28:28.631Z"}
{"error":{"code":"ERR_HTTP_HEADERS_SENT"},"level":"error","message":"Failed to get invitations","timestamp":"2025-09-05T14:28:30.605Z","userId":"45701370-3705-4a90-8b76-d5d71a2a18dd"}
{"error":{},"level":"error","message":"Error during invitation cleanup","timestamp":"2025-09-05T14:28:52.863Z"}
{"error":{"code":"ERR_HTTP_HEADERS_SENT"},"level":"error","message":"Failed to get invitations","timestamp":"2025-09-05T14:28:54.699Z","userId":"45701370-3705-4a90-8b76-d5d71a2a18dd"}
{"error":{},"level":"error","message":"Error during invitation cleanup","timestamp":"2025-09-05T14:29:22.390Z"}
{"error":{"code":"ERR_HTTP_HEADERS_SENT"},"level":"error","message":"Failed to get invitations","timestamp":"2025-09-05T14:29:23.392Z","userId":"45701370-3705-4a90-8b76-d5d71a2a18dd"}
{"error":{},"level":"error","message":"Error during invitation cleanup","timestamp":"2025-09-05T14:30:33.214Z"}
{"error":{"code":"ERR_HTTP_HEADERS_SENT"},"level":"error","message":"Failed to get invitations","timestamp":"2025-09-05T14:30:35.453Z","userId":"45701370-3705-4a90-8b76-d5d71a2a18dd"}
{"error":{},"level":"error","message":"Error during invitation cleanup","timestamp":"2025-09-05T14:32:20.685Z"}
{"error":{},"level":"error","message":"Error during invitation cleanup","timestamp":"2025-09-05T17:03:07.809Z"}
{"error":{},"level":"error","message":"Failed to create student invitation","timestamp":"2025-09-05T17:05:47.368Z","userId":"45701370-3705-4a90-8b76-d5d71a2a18dd"}
{"error":{},"level":"error","message":"Error during invitation cleanup","timestamp":"2025-09-05T17:06:28.982Z"}
{"defaultMessage":"Logout failed","error":{},"level":"error","message":"Unexpected auth controller error","timestamp":"2025-09-05T17:06:58.300Z"}
{"defaultMessage":"Logout failed","error":{},"level":"error","message":"Unexpected auth controller error","timestamp":"2025-09-05T17:06:59.431Z"}
{"defaultMessage":"Logout failed","error":{},"level":"error","message":"Unexpected auth controller error","timestamp":"2025-09-05T17:07:00.839Z"}
{"defaultMessage":"Logout failed","error":{},"level":"error","message":"Unexpected auth controller error","timestamp":"2025-09-05T17:07:01.911Z"}
{"defaultMessage":"Logout failed","error":{},"level":"error","message":"Unexpected auth controller error","timestamp":"2025-09-05T17:07:02.031Z"}
{"defaultMessage":"Logout failed","error":{},"level":"error","message":"Unexpected auth controller error","timestamp":"2025-09-05T17:07:02.820Z"}
{"defaultMessage":"Logout failed","error":{},"level":"error","message":"Unexpected auth controller error","timestamp":"2025-09-05T17:07:04.080Z"}
{"defaultMessage":"Logout failed","error":{},"level":"error","message":"Unexpected auth controller error","timestamp":"2025-09-05T17:07:04.370Z"}
{"defaultMessage":"Logout failed","error":{},"level":"error","message":"Unexpected auth controller error","timestamp":"2025-09-05T17:07:06.381Z"}
{"defaultMessage":"Logout failed","error":{},"level":"error","message":"Unexpected auth controller error","timestamp":"2025-09-05T17:07:06.581Z"}
{"error":{},"level":"error","message":"Failed to accept invitation","timestamp":"2025-09-05T17:08:04.943Z","token":"JVquENLA...","userId":"89351696-e11b-464a-9fab-aa065c8f9e3a"}
{"error":{},"level":"error","message":"Failed to accept invitation","timestamp":"2025-09-05T17:08:04.944Z","token":"JVquENLA...","userId":"89351696-e11b-464a-9fab-aa065c8f9e3a"}
{"error":{},"level":"error","message":"Error during invitation cleanup","timestamp":"2025-09-05T17:08:29.730Z"}
{"defaultMessage":"Logout failed","error":{},"level":"error","message":"Unexpected auth controller error","timestamp":"2025-09-05T17:08:46.880Z"}
{"defaultMessage":"Logout failed","error":{},"level":"error","message":"Unexpected auth controller error","timestamp":"2025-09-05T17:08:48.075Z"}
{"error":{},"level":"error","message":"Error during invitation cleanup","timestamp":"2025-09-05T17:10:44.508Z"}
{"error":{},"level":"error","message":"Error during invitation cleanup","timestamp":"2025-09-05T17:48:49.851Z"}
{"error":{},"level":"error","message":"Error during invitation cleanup","timestamp":"2025-09-05T17:50:29.017Z"}
{"error":{},"level":"error","message":"Error during invitation cleanup","timestamp":"2025-09-05T17:51:46.015Z"}
{"error":{},"level":"error","message":"Error during invitation cleanup","timestamp":"2025-09-05T17:52:14.804Z"}
{"error":{},"level":"error","message":"Error during invitation cleanup","timestamp":"2025-09-05T17:52:19.165Z"}
{"error":{},"level":"error","message":"Error during invitation cleanup","timestamp":"2025-09-05T17:53:43.925Z"}
{"error":{},"level":"error","message":"Error during invitation cleanup","timestamp":"2025-09-05T17:53:47.487Z"}
{"error":{},"level":"error","message":"Error during invitation cleanup","timestamp":"2025-09-05T17:53:50.704Z"}
{"error":{},"level":"error","message":"Error during invitation cleanup","timestamp":"2025-09-05T17:53:53.740Z"}
{"error":{},"level":"error","message":"Error during invitation cleanup","timestamp":"2025-09-05T17:53:58.267Z"}
{"error":{},"level":"error","message":"Error during invitation cleanup","timestamp":"2025-09-05T17:54:01.194Z"}
{"defaultMessage":"Logout failed","error":{},"level":"error","message":"Unexpected auth controller error","timestamp":"2025-09-05T17:58:20.084Z"}
{"defaultMessage":"Logout failed","error":{},"level":"error","message":"Unexpected auth controller error","timestamp":"2025-09-05T17:58:21.211Z"}
{"defaultMessage":"Logout failed","error":{},"level":"error","message":"Unexpected auth controller error","timestamp":"2025-09-05T17:58:23.332Z"}
{"error":{"code":"23505","constraint":"invitation_usage_invitation_id_user_id_key","detail":"Key (invitation_id, user_id)=(9c191cf8-4e57-4da2-8bf9-38d78e8e1e40, 05a08970-acba-450d-b9c5-4814bb95f44b) already exists.","file":"nbtinsert.c","length":348,"line":"649","name":"error","routine":"_bt_check_unique","schema":"public","severity":"ERROR","table":"invitation_usage"},"level":"error","message":"Failed to accept invitation","timestamp":"2025-09-05T18:00:46.972Z","token":"enRFt1KR...","userId":"05a08970-acba-450d-b9c5-4814bb95f44b"}
{"error":{"code":"23505","constraint":"invitation_usage_invitation_id_user_id_key","detail":"Key (invitation_id, user_id)=(9c191cf8-4e57-4da2-8bf9-38d78e8e1e40, 05a08970-acba-450d-b9c5-4814bb95f44b) already exists.","file":"nbtinsert.c","length":348,"line":"649","name":"error","routine":"_bt_check_unique","schema":"public","severity":"ERROR","table":"invitation_usage"},"level":"error","message":"Failed to accept invitation","timestamp":"2025-09-05T18:00:46.975Z","token":"enRFt1KR...","userId":"05a08970-acba-450d-b9c5-4814bb95f44b"}
{"error":{},"level":"error","message":"Failed to accept invitation","timestamp":"2025-09-05T18:00:47.017Z","token":"enRFt1KR...","userId":"05a08970-acba-450d-b9c5-4814bb95f44b"}
{"error":{},"level":"error","message":"Failed to accept invitation","timestamp":"2025-09-05T18:00:47.017Z","token":"enRFt1KR...","userId":"05a08970-acba-450d-b9c5-4814bb95f44b"}
{"error":{},"level":"error","message":"Failed to accept invitation","timestamp":"2025-09-05T18:00:48.154Z","token":"enRFt1KR...","userId":"05a08970-acba-450d-b9c5-4814bb95f44b"}
{"error":{},"level":"error","message":"Failed to accept invitation","timestamp":"2025-09-05T18:00:48.154Z","token":"enRFt1KR...","userId":"05a08970-acba-450d-b9c5-4814bb95f44b"}
{"error":{},"level":"error","message":"Failed to accept invitation","timestamp":"2025-09-05T18:00:50.340Z","token":"enRFt1KR...","userId":"05a08970-acba-450d-b9c5-4814bb95f44b"}
{"error":{},"level":"error","message":"Failed to accept invitation","timestamp":"2025-09-05T18:00:50.340Z","token":"enRFt1KR...","userId":"05a08970-acba-450d-b9c5-4814bb95f44b"}
{"error":{},"level":"error","message":"Error during invitation cleanup","timestamp":"2025-09-05T18:03:22.608Z"}
{"error":{},"level":"error","message":"Failed to accept invitation","timestamp":"2025-09-05T18:03:32.698Z","token":"eyJhbGci...","userId":"05a08970-acba-450d-b9c5-4814bb95f44b"}
{"error":{},"level":"error","message":"Failed to accept invitation","timestamp":"2025-09-05T18:03:32.698Z","token":"eyJhbGci...","userId":"05a08970-acba-450d-b9c5-4814bb95f44b"}
{"error":{},"level":"error","message":"Failed to accept invitation","timestamp":"2025-09-05T18:03:52.607Z","token":"enRFt1KR...","userId":"05a08970-acba-450d-b9c5-4814bb95f44b"}
{"error":{},"level":"error","message":"Failed to accept invitation","timestamp":"2025-09-05T18:03:52.608Z","token":"enRFt1KR...","userId":"05a08970-acba-450d-b9c5-4814bb95f44b"}
{"defaultMessage":"Logout failed","error":{},"level":"error","message":"Unexpected auth controller error","timestamp":"2025-09-05T18:29:13.184Z"}
{"defaultMessage":"Logout failed","error":{},"level":"error","message":"Unexpected auth controller error","timestamp":"2025-09-05T18:29:14.330Z"}
{"error":{},"level":"error","message":"Error during invitation cleanup","timestamp":"2025-09-05T18:35:12.016Z"}
{"error":{},"level":"error","message":"Error during invitation cleanup","timestamp":"2025-09-05T18:35:17.912Z"}
{"error":{},"level":"error","message":"Error during invitation cleanup","timestamp":"2025-09-05T18:35:39.518Z"}
{"error":{},"level":"error","message":"Error during invitation cleanup","timestamp":"2025-09-05T18:36:02.651Z"}
{"error":{},"level":"error","message":"Error during invitation cleanup","timestamp":"2025-09-05T18:36:19.227Z"}
{"error":{},"level":"error","message":"Error during invitation cleanup","timestamp":"2025-09-05T18:36:25.737Z"}
{"error":{},"level":"error","message":"Error during invitation cleanup","timestamp":"2025-09-05T18:36:42.999Z"}
{"error":{},"level":"error","message":"Error during invitation cleanup","timestamp":"2025-09-05T18:36:58.244Z"}
{"error":{},"level":"error","message":"Error during invitation cleanup","timestamp":"2025-09-05T18:38:36.268Z"}
{"error":{},"level":"error","message":"Error during invitation cleanup","timestamp":"2025-09-05T18:38:43.069Z"}
{"error":{},"level":"error","message":"Error during invitation cleanup","timestamp":"2025-09-05T18:38:50.365Z"}
{"createdBy":"45701370-3705-4a90-8b76-d5d71a2a18dd","error":{},"level":"error","message":"Failed to create instructor invitation","request":{"email":"user@example.com","establishmentId":"0a9edc36-9a58-4f0b-a007-3f1ae8ad050d","expiryHours":24,"message":"string","phoneNumber":"+905546121624"},"timestamp":"2025-09-05T18:39:59.593Z"}
{"error":{},"establishmentId":"0a9edc36-9a58-4f0b-a007-3f1ae8ad050d","level":"error","message":"Failed to invite instructor","timestamp":"2025-09-05T18:39:59.594Z","userId":"45701370-3705-4a90-8b76-d5d71a2a18dd"}
{"error":{},"level":"error","message":"Error during invitation cleanup","timestamp":"2025-09-05T18:43:20.050Z"}
{"error":{},"level":"error","message":"Error during invitation cleanup","timestamp":"2025-09-05T18:43:38.444Z"}
{"error":{},"level":"error","message":"Error during invitation cleanup","timestamp":"2025-09-05T18:43:53.035Z"}
{"error":{},"level":"error","message":"Error during invitation cleanup","timestamp":"2025-09-05T18:44:00.562Z"}
{"error":{},"level":"error","message":"Error during invitation cleanup","timestamp":"2025-09-05T18:44:08.939Z"}
{"error":{},"level":"error","message":"Error during invitation cleanup","timestamp":"2025-09-05T18:44:16.460Z"}
{"createdBy":"45701370-3705-4a90-8b76-d5d71a2a18dd","error":{},"level":"error","message":"Failed to create instructor invitation","request":{"email":"user23@example.com","establishmentId":"0a9edc36-9a58-4f0b-a007-3f1ae8ad050d","expiryHours":24,"message":"string","phoneNumber":"+905546121624"},"timestamp":"2025-09-05T18:45:05.426Z"}
{"createdBy":"45701370-3705-4a90-8b76-d5d71a2a18dd","error":{},"level":"error","message":"Failed to create instructor invitation","request":{"email":"user23@example.com","establishmentId":"0a9edc36-9a58-4f0b-a007-3f1ae8ad050d","expiryHours":24,"message":"string","phoneNumber":"+905546121624"},"timestamp":"2025-09-05T18:45:10.046Z"}
{"error":{},"level":"error","message":"Error during invitation cleanup","timestamp":"2025-09-05T18:47:42.309Z"}
{"error":{},"level":"error","message":"Error during invitation cleanup","timestamp":"2025-09-05T18:48:25.194Z"}
{"error":{},"level":"error","message":"Error during invitation cleanup","timestamp":"2025-09-05T18:48:39.879Z"}
{"error":{},"level":"error","message":"Error during invitation cleanup","timestamp":"2025-09-05T18:48:48.654Z"}
{"error":{},"level":"error","message":"Error during invitation cleanup","timestamp":"2025-09-05T18:48:58.181Z"}
{"error":{},"level":"error","message":"Error during invitation cleanup","timestamp":"2025-09-05T18:49:35.236Z"}
{"error":{},"level":"error","message":"Error during invitation cleanup","timestamp":"2025-09-05T18:49:55.507Z"}
{"defaultMessage":"Logout failed","error":{},"level":"error","message":"Unexpected auth controller error","timestamp":"2025-09-05T18:53:49.621Z"}
{"defaultMessage":"Logout failed","error":{},"level":"error","message":"Unexpected auth controller error","timestamp":"2025-09-05T18:53:50.849Z"}
{"defaultMessage":"Logout failed","error":{},"level":"error","message":"Unexpected auth controller error","timestamp":"2025-09-05T18:53:52.980Z"}
{"defaultMessage":"Logout failed","error":{},"level":"error","message":"Unexpected auth controller error","timestamp":"2025-09-05T18:54:05.553Z"}
{"error":{},"level":"error","message":"Error during invitation cleanup","timestamp":"2025-09-05T18:54:45.122Z"}
{"error":{},"level":"error","message":"Error during invitation cleanup","timestamp":"2025-09-05T18:54:53.887Z"}
{"error":{},"level":"error","message":"Error during invitation cleanup","timestamp":"2025-09-05T18:55:05.744Z"}
{"error":{},"level":"error","message":"Error during invitation cleanup","timestamp":"2025-09-05T18:55:14.211Z"}
{"error":{},"level":"error","message":"Error during invitation cleanup","timestamp":"2025-09-05T18:55:23.613Z"}
{"error":{},"level":"error","message":"Error during invitation cleanup","timestamp":"2025-09-05T19:16:58.361Z"}
{"error":{},"level":"error","message":"Error during invitation cleanup","timestamp":"2025-09-05T19:20:44.220Z"}
{"error":{},"level":"error","message":"Error during invitation cleanup","timestamp":"2025-09-05T19:20:56.713Z"}
{"error":{},"level":"error","message":"Error during invitation cleanup","timestamp":"2025-09-05T19:21:04.097Z"}
{"error":{},"level":"error","message":"Error during invitation cleanup","timestamp":"2025-09-05T19:21:12.111Z"}
{"error":{},"level":"error","message":"Error during invitation cleanup","timestamp":"2025-09-05T19:21:19.954Z"}
{"error":{},"level":"error","message":"Error during invitation cleanup","timestamp":"2025-09-05T19:21:27.430Z"}
{"error":{},"level":"error","message":"Error during invitation cleanup","timestamp":"2025-09-05T19:21:36.353Z"}
{"error":{},"level":"error","message":"Error during invitation cleanup","timestamp":"2025-09-05T19:21:49.971Z"}
{"error":{},"level":"error","message":"Error during invitation cleanup","timestamp":"2025-09-05T19:21:57.169Z"}
{"error":{},"level":"error","message":"Error during invitation cleanup","timestamp":"2025-09-05T19:22:06.203Z"}
{"error":{},"level":"error","message":"Error during invitation cleanup","timestamp":"2025-09-05T19:22:12.743Z"}
{"error":{},"level":"error","message":"Error during invitation cleanup","timestamp":"2025-09-05T19:23:00.261Z"}
{"error":{},"level":"error","message":"Error during invitation cleanup","timestamp":"2025-09-05T19:28:46.186Z"}
{"error":{},"level":"error","message":"Error during invitation cleanup","timestamp":"2025-09-05T19:28:53.833Z"}
{"error":{},"level":"error","message":"Error during invitation cleanup","timestamp":"2025-09-05T19:29:06.040Z"}
{"error":{},"level":"error","message":"Error during invitation cleanup","timestamp":"2025-09-05T19:29:25.888Z"}
{"error":{},"level":"error","message":"Error during invitation cleanup","timestamp":"2025-09-05T19:29:55.897Z"}
{"error":{},"level":"error","message":"Error during invitation cleanup","timestamp":"2025-09-05T19:30:02.167Z"}
{"error":{},"level":"error","message":"Error during invitation cleanup","timestamp":"2025-09-05T19:32:48.994Z"}
{"error":{},"level":"error","message":"Error during invitation cleanup","timestamp":"2025-09-05T19:33:06.047Z"}
{"createdBy":"45701370-3705-4a90-8b76-d5d71a2a18dd","error":{},"level":"error","message":"Failed to create instructor invitation","request":{"email":"qwe@qweqwe.com","establishmentId":"0a9edc36-9a58-4f0b-a007-3f1ae8ad050d","expiryHours":24,"phoneNumber":"+905546121624"},"timestamp":"2025-09-05T19:37:40.185Z"}
{"defaultMessage":"Logout failed","error":{},"level":"error","message":"Unexpected auth controller error","timestamp":"2025-09-05T19:38:34.395Z"}
{"defaultMessage":"Logout failed","error":{},"level":"error","message":"Unexpected auth controller error","timestamp":"2025-09-05T19:38:35.591Z"}
{"defaultMessage":"Logout failed","error":{},"level":"error","message":"Unexpected auth controller error","timestamp":"2025-09-05T19:38:37.423Z"}
{"defaultMessage":"Logout failed","error":{},"level":"error","message":"Unexpected auth controller error","timestamp":"2025-09-05T19:38:37.984Z"}
{"defaultMessage":"Logout failed","error":{},"level":"error","message":"Unexpected auth controller error","timestamp":"2025-09-05T19:38:38.515Z"}
{"defaultMessage":"Logout failed","error":{},"level":"error","message":"Unexpected auth controller error","timestamp":"2025-09-05T19:38:38.897Z"}
{"defaultMessage":"Logout failed","error":{},"level":"error","message":"Unexpected auth controller error","timestamp":"2025-09-05T19:38:39.301Z"}
{"defaultMessage":"Logout failed","error":{},"level":"error","message":"Unexpected auth controller error","timestamp":"2025-09-05T19:38:39.438Z"}
{"defaultMessage":"Logout failed","error":{},"level":"error","message":"Unexpected auth controller error","timestamp":"2025-09-05T19:38:39.599Z"}
{"defaultMessage":"Logout failed","error":{},"level":"error","message":"Unexpected auth controller error","timestamp":"2025-09-05T19:38:39.728Z"}
{"defaultMessage":"Logout failed","error":{},"level":"error","message":"Unexpected auth controller error","timestamp":"2025-09-05T19:38:40.075Z"}
{"defaultMessage":"Logout failed","error":{},"level":"error","message":"Unexpected auth controller error","timestamp":"2025-09-05T19:38:40.532Z"}
{"defaultMessage":"Logout failed","error":{},"level":"error","message":"Unexpected auth controller error","timestamp":"2025-09-05T19:38:40.574Z"}
{"defaultMessage":"Logout failed","error":{},"level":"error","message":"Unexpected auth controller error","timestamp":"2025-09-05T19:38:40.685Z"}
{"defaultMessage":"Logout failed","error":{},"level":"error","message":"Unexpected auth controller error","timestamp":"2025-09-05T19:38:40.786Z"}
{"defaultMessage":"Logout failed","error":{},"level":"error","message":"Unexpected auth controller error","timestamp":"2025-09-05T19:38:40.832Z"}
{"defaultMessage":"Logout failed","error":{},"level":"error","message":"Unexpected auth controller error","timestamp":"2025-09-05T19:38:42.170Z"}
{"defaultMessage":"Logout failed","error":{},"level":"error","message":"Unexpected auth controller error","timestamp":"2025-09-05T19:38:42.564Z"}
{"defaultMessage":"Logout failed","error":{},"level":"error","message":"Unexpected auth controller error","timestamp":"2025-09-05T19:38:42.840Z"}
{"defaultMessage":"Logout failed","error":{},"level":"error","message":"Unexpected auth controller error","timestamp":"2025-09-05T19:38:43.060Z"}
{"defaultMessage":"Logout failed","error":{},"level":"error","message":"Unexpected auth controller error","timestamp":"2025-09-05T19:38:43.085Z"}
{"defaultMessage":"Logout failed","error":{},"level":"error","message":"Unexpected auth controller error","timestamp":"2025-09-05T19:38:43.395Z"}
{"defaultMessage":"Logout failed","error":{},"level":"error","message":"Unexpected auth controller error","timestamp":"2025-09-05T19:38:45.418Z"}
{"error":{},"level":"error","message":"Error during invitation cleanup","timestamp":"2025-09-05T19:39:52.951Z"}
{"error":{},"level":"error","message":"Error during invitation cleanup","timestamp":"2025-09-05T19:39:58.820Z"}
{"error":{},"level":"error","message":"Error during invitation cleanup","timestamp":"2025-09-05T19:40:04.603Z"}
{"error":{},"level":"error","message":"Error during invitation cleanup","timestamp":"2025-09-05T19:40:10.454Z"}
{"error":{},"level":"error","message":"Error during invitation cleanup","timestamp":"2025-09-05T19:40:16.491Z"}
{"error":{},"level":"error","message":"Error during invitation cleanup","timestamp":"2025-09-05T19:40:22.395Z"}
{"error":{},"level":"error","message":"Error during invitation cleanup","timestamp":"2025-09-05T19:40:29.411Z"}
{"error":{},"level":"error","message":"Error during invitation cleanup","timestamp":"2025-09-05T19:40:35.133Z"}
{"error":{},"level":"error","message":"Error during invitation cleanup","timestamp":"2025-09-05T19:40:40.664Z"}
{"error":{"code":"23505","constraint":"invitation_usage_invitation_id_user_id_key","detail":"Key (invitation_id, user_id)=(67caaf76-9b35-40f4-b442-858a1e549c4f, 306a648d-0a99-4c5f-89b2-954d8211acd9) already exists.","file":"nbtinsert.c","length":348,"line":"649","name":"error","routine":"_bt_check_unique","schema":"public","severity":"ERROR","table":"invitation_usage"},"level":"error","message":"Failed to accept invitation","timestamp":"2025-09-05T19:40:46.514Z","token":"pXTIq-lp...","userId":"306a648d-0a99-4c5f-89b2-954d8211acd9"}
{"error":{"code":"23505","constraint":"invitation_usage_invitation_id_user_id_key","detail":"Key (invitation_id, user_id)=(67caaf76-9b35-40f4-b442-858a1e549c4f, 306a648d-0a99-4c5f-89b2-954d8211acd9) already exists.","file":"nbtinsert.c","length":348,"line":"649","name":"error","routine":"_bt_check_unique","schema":"public","severity":"ERROR","table":"invitation_usage"},"level":"error","message":"Failed to accept invitation","timestamp":"2025-09-05T19:40:46.514Z","token":"pXTIq-lp...","userId":"306a648d-0a99-4c5f-89b2-954d8211acd9"}
{"error":{},"level":"error","message":"Failed to accept invitation","timestamp":"2025-09-05T19:40:46.551Z","token":"pXTIq-lp...","userId":"306a648d-0a99-4c5f-89b2-954d8211acd9"}
{"error":{},"level":"error","message":"Failed to accept invitation","timestamp":"2025-09-05T19:40:46.551Z","token":"pXTIq-lp...","userId":"306a648d-0a99-4c5f-89b2-954d8211acd9"}
{"error":{},"level":"error","message":"Error during invitation cleanup","timestamp":"2025-09-05T19:40:48.005Z"}
{"error":{},"level":"error","message":"Failed to accept invitation","timestamp":"2025-09-05T19:40:48.114Z","token":"pXTIq-lp...","userId":"306a648d-0a99-4c5f-89b2-954d8211acd9"}
{"error":{},"level":"error","message":"Failed to accept invitation","timestamp":"2025-09-05T19:40:48.115Z","token":"pXTIq-lp...","userId":"306a648d-0a99-4c5f-89b2-954d8211acd9"}
{"error":{},"level":"error","message":"Failed to accept invitation","timestamp":"2025-09-05T19:40:50.202Z","token":"pXTIq-lp...","userId":"306a648d-0a99-4c5f-89b2-954d8211acd9"}
{"error":{},"level":"error","message":"Failed to accept invitation","timestamp":"2025-09-05T19:40:50.203Z","token":"pXTIq-lp...","userId":"306a648d-0a99-4c5f-89b2-954d8211acd9"}
{"error":{},"level":"error","message":"Error during invitation cleanup","timestamp":"2025-09-05T19:40:54.012Z"}
{"error":{},"level":"error","message":"Error during invitation cleanup","timestamp":"2025-09-05T19:40:59.798Z"}
{"error":{},"level":"error","message":"Error during invitation cleanup","timestamp":"2025-09-05T19:41:06.216Z"}
{"error":{},"level":"error","message":"Failed to accept invitation","timestamp":"2025-09-05T19:41:06.350Z","token":"pXTIq-lp...","userId":"306a648d-0a99-4c5f-89b2-954d8211acd9"}
{"error":{},"level":"error","message":"Failed to accept invitation","timestamp":"2025-09-05T19:41:06.351Z","token":"pXTIq-lp...","userId":"306a648d-0a99-4c5f-89b2-954d8211acd9"}
{"error":{},"level":"error","message":"Failed to accept invitation","timestamp":"2025-09-05T19:41:06.401Z","token":"pXTIq-lp...","userId":"306a648d-0a99-4c5f-89b2-954d8211acd9"}
{"error":{},"level":"error","message":"Failed to accept invitation","timestamp":"2025-09-05T19:41:06.402Z","token":"pXTIq-lp...","userId":"306a648d-0a99-4c5f-89b2-954d8211acd9"}
{"error":{},"level":"error","message":"Failed to accept invitation","timestamp":"2025-09-05T19:41:07.345Z","token":"pXTIq-lp...","userId":"306a648d-0a99-4c5f-89b2-954d8211acd9"}
{"error":{},"level":"error","message":"Failed to accept invitation","timestamp":"2025-09-05T19:41:07.346Z","token":"pXTIq-lp...","userId":"306a648d-0a99-4c5f-89b2-954d8211acd9"}
{"error":{},"level":"error","message":"Failed to accept invitation","timestamp":"2025-09-05T19:41:07.365Z","token":"pXTIq-lp...","userId":"306a648d-0a99-4c5f-89b2-954d8211acd9"}
{"error":{},"level":"error","message":"Failed to accept invitation","timestamp":"2025-09-05T19:41:07.365Z","token":"pXTIq-lp...","userId":"306a648d-0a99-4c5f-89b2-954d8211acd9"}
{"error":{},"level":"error","message":"Failed to accept invitation","timestamp":"2025-09-05T19:41:08.521Z","token":"pXTIq-lp...","userId":"306a648d-0a99-4c5f-89b2-954d8211acd9"}
{"error":{},"level":"error","message":"Failed to accept invitation","timestamp":"2025-09-05T19:41:08.521Z","token":"pXTIq-lp...","userId":"306a648d-0a99-4c5f-89b2-954d8211acd9"}
{"error":{},"level":"error","message":"Error during invitation cleanup","timestamp":"2025-09-05T19:41:19.626Z"}
{"error":{},"level":"error","message":"Failed to accept invitation","timestamp":"2025-09-05T19:41:19.779Z","token":"pXTIq-lp...","userId":"306a648d-0a99-4c5f-89b2-954d8211acd9"}
{"error":{},"level":"error","message":"Failed to accept invitation","timestamp":"2025-09-05T19:41:19.780Z","token":"pXTIq-lp...","userId":"306a648d-0a99-4c5f-89b2-954d8211acd9"}
{"error":{},"level":"error","message":"Failed to accept invitation","timestamp":"2025-09-05T19:41:21.702Z","token":"pXTIq-lp...","userId":"306a648d-0a99-4c5f-89b2-954d8211acd9"}
{"error":{},"level":"error","message":"Failed to accept invitation","timestamp":"2025-09-05T19:41:21.703Z","token":"pXTIq-lp...","userId":"306a648d-0a99-4c5f-89b2-954d8211acd9"}
{"error":{},"level":"error","message":"Failed to accept invitation","timestamp":"2025-09-05T19:41:21.734Z","token":"pXTIq-lp...","userId":"306a648d-0a99-4c5f-89b2-954d8211acd9"}
{"error":{},"level":"error","message":"Failed to accept invitation","timestamp":"2025-09-05T19:41:21.735Z","token":"pXTIq-lp...","userId":"306a648d-0a99-4c5f-89b2-954d8211acd9"}
{"error":{},"level":"error","message":"Failed to accept invitation","timestamp":"2025-09-05T19:41:22.753Z","token":"pXTIq-lp...","userId":"306a648d-0a99-4c5f-89b2-954d8211acd9"}
{"error":{},"level":"error","message":"Failed to accept invitation","timestamp":"2025-09-05T19:41:22.753Z","token":"pXTIq-lp...","userId":"306a648d-0a99-4c5f-89b2-954d8211acd9"}
{"error":{},"level":"error","message":"Failed to accept invitation","timestamp":"2025-09-05T19:41:22.949Z","token":"pXTIq-lp...","userId":"306a648d-0a99-4c5f-89b2-954d8211acd9"}
{"error":{},"level":"error","message":"Failed to accept invitation","timestamp":"2025-09-05T19:41:22.950Z","token":"pXTIq-lp...","userId":"306a648d-0a99-4c5f-89b2-954d8211acd9"}
{"error":{},"level":"error","message":"Error during invitation cleanup","timestamp":"2025-09-05T19:41:25.488Z"}
{"error":{},"level":"error","message":"Error during invitation cleanup","timestamp":"2025-09-05T19:41:31.382Z"}
{"error":{},"level":"error","message":"Error during invitation cleanup","timestamp":"2025-09-05T19:41:38.120Z"}
{"error":{},"level":"error","message":"Error during invitation cleanup","timestamp":"2025-09-05T19:41:45.035Z"}
{"error":{},"level":"error","message":"Error during invitation cleanup","timestamp":"2025-09-05T19:41:50.675Z"}
{"error":{},"level":"error","message":"Error during invitation cleanup","timestamp":"2025-09-05T19:41:57.604Z"}
{"error":{},"level":"error","message":"Error during invitation cleanup","timestamp":"2025-09-05T19:42:04.661Z"}
{"error":{},"level":"error","message":"Error during invitation cleanup","timestamp":"2025-09-05T19:42:10.875Z"}
{"error":{},"level":"error","message":"Error during invitation cleanup","timestamp":"2025-09-05T19:42:17.186Z"}
{"error":{},"level":"error","message":"Error during invitation cleanup","timestamp":"2025-09-05T19:42:24.959Z"}
{"error":{},"level":"error","message":"Error during invitation cleanup","timestamp":"2025-09-05T19:42:30.491Z"}
{"error":{},"level":"error","message":"Error during invitation cleanup","timestamp":"2025-09-05T19:42:42.085Z"}
{"error":{},"level":"error","message":"Error during invitation cleanup","timestamp":"2025-09-05T19:45:54.193Z"}
{"error":{},"level":"error","message":"Error during invitation cleanup","timestamp":"2025-09-05T19:46:26.001Z"}
{"error":{},"level":"error","message":"Error during invitation cleanup","timestamp":"2025-09-05T20:48:05.131Z"}
{"defaultMessage":"Çıkış başarısız oldu","error":{},"level":"error","message":"Unexpected auth controller error","timestamp":"2025-09-05T21:43:19.525Z"}
{"defaultMessage":"Çıkış başarısız oldu","error":{},"level":"error","message":"Unexpected auth controller error","timestamp":"2025-09-05T21:43:20.675Z"}
{"defaultMessage":"Çıkış başarısız oldu","error":{},"level":"error","message":"Unexpected auth controller error","timestamp":"2025-09-05T21:43:23.023Z"}
{"defaultMessage":"Çıkış başarısız oldu","error":{},"level":"error","message":"Unexpected auth controller error","timestamp":"2025-09-05T21:44:16.043Z"}
{"action":"logout","error":{"code":"22P02","file":"uuid.c","length":283,"line":"134","name":"error","routine":"string_to_uuid","severity":"ERROR"},"level":"error","message":"Failed to log auth event","timestamp":"2025-09-05T21:44:16.233Z"}
{"action":"logout","error":{"code":"22P02","file":"uuid.c","length":469,"line":"134","name":"error","routine":"string_to_uuid","severity":"ERROR"},"level":"error","message":"Failed to log auth event","timestamp":"2025-09-05T21:47:11.911Z"}
{"error":{"code":"ECONNREFUSED"},"level":"error","message":"Failed to start application","timestamp":"2025-09-06T11:28:00.444Z"}
{"error":{},"level":"error","message":"Error during invitation cleanup","timestamp":"2025-09-06T11:28:31.160Z"}
{"error":{},"level":"error","message":"Error during invitation cleanup","timestamp":"2025-09-07T11:29:00.642Z"}
{"error":{},"level":"error","message":"Error during invitation cleanup","timestamp":"2025-09-07T12:34:15.874Z"}
{"error":{},"level":"error","message":"Error during invitation cleanup","timestamp":"2025-09-07T12:34:23.417Z"}
{"error":{},"level":"error","message":"Error during invitation cleanup","timestamp":"2025-09-07T12:34:54.484Z"}
{"error":{},"level":"error","message":"Error during invitation cleanup","timestamp":"2025-09-07T12:35:18.519Z"}
{"error":{},"level":"error","message":"Error during invitation cleanup","timestamp":"2025-09-07T12:42:41.689Z"}
{"error":{},"level":"error","message":"Error during invitation cleanup","timestamp":"2025-09-07T12:43:31.132Z"}
{"error":{},"level":"error","message":"Error during invitation cleanup","timestamp":"2025-09-07T12:44:49.301Z"}
{"error":{},"level":"error","message":"Error during invitation cleanup","timestamp":"2025-09-07T12:46:04.519Z"}
{"error":{},"level":"error","message":"Error during invitation cleanup","timestamp":"2025-09-07T12:46:12.130Z"}
{"error":{"address":"::","code":"EADDRINUSE","errno":-4091,"port":8001,"syscall":"listen"},"level":"error","message":"Server error","timestamp":"2025-09-07T12:46:26.076Z"}
{"code":"INVALID_CREDENTIALS","level":"error","message":"Auth controller error Invalid email or password","statusCode":401,"timestamp":"2025-09-07T12:47:02.854Z"}
{"error":{},"level":"error","message":"Error during invitation cleanup","timestamp":"2025-09-07T12:49:17.113Z"}
{"error":{},"level":"error","message":"Error during invitation cleanup","timestamp":"2025-09-07T12:49:24.760Z"}
{"error":{},"level":"error","message":"Error during invitation cleanup","timestamp":"2025-09-07T12:50:05.336Z"}
{"error":{},"level":"error","message":"Error during invitation cleanup","timestamp":"2025-09-07T12:51:08.857Z"}
{"error":{"address":"::","code":"EADDRINUSE","errno":-4091,"port":8001,"syscall":"listen"},"level":"error","message":"Server error","timestamp":"2025-09-07T12:51:08.921Z"}
{"error":{},"level":"error","message":"Error during invitation cleanup","timestamp":"2025-09-07T12:51:51.707Z"}
{"error":{"address":"::","code":"EADDRINUSE","errno":-4091,"port":8001,"syscall":"listen"},"level":"error","message":"Server error","timestamp":"2025-09-07T12:51:51.756Z"}
{"error":{},"level":"error","message":"Error during invitation cleanup","timestamp":"2025-09-07T12:56:07.273Z"}
{"error":{},"level":"error","message":"Error during invitation cleanup","timestamp":"2025-09-07T13:10:47.567Z"}
{"error":{},"level":"error","message":"Error during invitation cleanup","timestamp":"2025-09-07T13:12:18.460Z"}
{"error":{},"level":"error","message":"Error during invitation cleanup","timestamp":"2025-09-07T13:12:29.172Z"}
{"error":{},"level":"error","message":"Error during invitation cleanup","timestamp":"2025-09-07T13:12:54.849Z"}
{"error":{},"level":"error","message":"Error during invitation cleanup","timestamp":"2025-09-07T13:13:06.675Z"}
{"error":{},"level":"error","message":"Error during invitation cleanup","timestamp":"2025-09-07T13:13:35.718Z"}
{"error":{"address":"::","code":"EADDRINUSE","errno":-4091,"port":8001,"syscall":"listen"},"level":"error","message":"Server error","timestamp":"2025-09-07T13:13:35.761Z"}
{"error":{},"level":"error","message":"Error during invitation cleanup","timestamp":"2025-09-07T13:16:27.985Z"}
{"error":{},"level":"error","message":"Error during invitation cleanup","timestamp":"2025-09-07T13:18:26.905Z"}
{"error":{},"level":"error","message":"Error during invitation cleanup","timestamp":"2025-09-07T13:18:26.940Z"}
{"error":{"address":"::","code":"EADDRINUSE","errno":-4091,"port":8001,"syscall":"listen"},"level":"error","message":"Server error","timestamp":"2025-09-07T13:18:27.012Z"}
{"error":{},"level":"error","message":"Error during invitation cleanup","timestamp":"2025-09-07T13:18:39.027Z"}
{"error":{},"level":"error","message":"Error during invitation cleanup","timestamp":"2025-09-07T13:18:39.092Z"}
{"error":{"address":"::","code":"EADDRINUSE","errno":-4091,"port":8001,"syscall":"listen"},"level":"error","message":"Server error","timestamp":"2025-09-07T13:18:39.243Z"}
{"error":{},"level":"error","message":"Error during invitation cleanup","timestamp":"2025-09-07T13:18:53.799Z"}
{"error":{},"level":"error","message":"Error during invitation cleanup","timestamp":"2025-09-07T13:18:53.808Z"}
{"error":{"address":"::","code":"EADDRINUSE","errno":-4091,"port":8001,"syscall":"listen"},"level":"error","message":"Server error","timestamp":"2025-09-07T13:18:53.929Z"}
{"error":{},"level":"error","message":"Error during invitation cleanup","timestamp":"2025-09-07T13:19:17.472Z"}
{"error":{"address":"::","code":"EADDRINUSE","errno":-4091,"port":8001,"syscall":"listen"},"level":"error","message":"Server error","timestamp":"2025-09-07T13:19:17.534Z"}
{"error":{},"level":"error","message":"Error during invitation cleanup","timestamp":"2025-09-07T13:20:27.855Z"}
{"error":{"address":"::","code":"EADDRINUSE","errno":-4091,"port":8001,"syscall":"listen"},"level":"error","message":"Server error","timestamp":"2025-09-07T13:20:27.909Z"}
{"error":{},"level":"error","message":"Error during invitation cleanup","timestamp":"2025-09-07T13:21:04.650Z"}
{"error":{},"level":"error","message":"Error during invitation cleanup","timestamp":"2025-09-07T13:24:16.184Z"}
{"error":{},"level":"error","message":"Error during invitation cleanup","timestamp":"2025-09-07T13:24:16.282Z"}
{"error":{"address":"::","code":"EADDRINUSE","errno":-4091,"port":8001,"syscall":"listen"},"level":"error","message":"Server error","timestamp":"2025-09-07T13:24:16.387Z"}
{"error":{},"level":"error","message":"Error during invitation cleanup","timestamp":"2025-09-07T13:24:19.902Z"}
{"error":{},"level":"error","message":"Error during invitation cleanup","timestamp":"2025-09-07T13:24:19.954Z"}
{"error":{"address":"::","code":"EADDRINUSE","errno":-4091,"port":8001,"syscall":"listen"},"level":"error","message":"Server error","timestamp":"2025-09-07T13:24:20.021Z"}
{"error":{},"level":"error","message":"Error during invitation cleanup","timestamp":"2025-09-07T13:25:09.844Z"}
{"error":{},"level":"error","message":"Error during invitation cleanup","timestamp":"2025-09-07T13:25:09.881Z"}
{"error":{"address":"::","code":"EADDRINUSE","errno":-4091,"port":8001,"syscall":"listen"},"level":"error","message":"Server error","timestamp":"2025-09-07T13:25:09.963Z"}
{"error":{},"level":"error","message":"Error during invitation cleanup","timestamp":"2025-09-07T13:25:13.189Z"}
{"error":{},"level":"error","message":"Error during invitation cleanup","timestamp":"2025-09-07T13:25:13.226Z"}
{"error":{"address":"::","code":"EADDRINUSE","errno":-4091,"port":8001,"syscall":"listen"},"level":"error","message":"Server error","timestamp":"2025-09-07T13:25:13.289Z"}
{"error":{},"level":"error","message":"Error during invitation cleanup","timestamp":"2025-09-07T13:25:44.984Z"}
{"error":{},"level":"error","message":"Error during invitation cleanup","timestamp":"2025-09-07T13:25:44.989Z"}
{"error":{"address":"::","code":"EADDRINUSE","errno":-4091,"port":8001,"syscall":"listen"},"level":"error","message":"Server error","timestamp":"2025-09-07T13:25:45.077Z"}
{"error":{},"level":"error","message":"Error during invitation cleanup","timestamp":"2025-09-07T13:25:47.269Z"}
{"error":{},"level":"error","message":"Error during invitation cleanup","timestamp":"2025-09-07T13:25:47.275Z"}
{"error":{"address":"::","code":"EADDRINUSE","errno":-4091,"port":8001,"syscall":"listen"},"level":"error","message":"Server error","timestamp":"2025-09-07T13:25:47.357Z"}
{"error":{},"level":"error","message":"Error during invitation cleanup","timestamp":"2025-09-07T13:25:49.764Z"}
{"error":{},"level":"error","message":"Error during invitation cleanup","timestamp":"2025-09-07T13:25:49.780Z"}
{"error":{"address":"::","code":"EADDRINUSE","errno":-4091,"port":8001,"syscall":"listen"},"level":"error","message":"Server error","timestamp":"2025-09-07T13:25:49.860Z"}
{"error":{},"level":"error","message":"Error during invitation cleanup","timestamp":"2025-09-07T13:25:52.044Z"}
{"error":{},"level":"error","message":"Error during invitation cleanup","timestamp":"2025-09-07T13:25:52.064Z"}
{"error":{"address":"::","code":"EADDRINUSE","errno":-4091,"port":8001,"syscall":"listen"},"level":"error","message":"Server error","timestamp":"2025-09-07T13:25:52.143Z"}
{"error":{},"level":"error","message":"Error during invitation cleanup","timestamp":"2025-09-07T13:25:59.972Z"}
{"error":{},"level":"error","message":"Error during invitation cleanup","timestamp":"2025-09-07T13:27:15.480Z"}
{"error":{},"level":"error","message":"Error during invitation cleanup","timestamp":"2025-09-07T13:27:15.551Z"}
{"error":{"address":"::","code":"EADDRINUSE","errno":-4091,"port":8001,"syscall":"listen"},"level":"error","message":"Server error","timestamp":"2025-09-07T13:27:15.609Z"}
{"error":{},"level":"error","message":"Error during invitation cleanup","timestamp":"2025-09-07T13:27:39.041Z"}
{"error":{},"level":"error","message":"Error during invitation cleanup","timestamp":"2025-09-07T13:29:16.102Z"}
{"error":{},"level":"error","message":"Error during invitation cleanup","timestamp":"2025-09-07T13:29:16.114Z"}
{"error":{"address":"::","code":"EADDRINUSE","errno":-4091,"port":8001,"syscall":"listen"},"level":"error","message":"Server error","timestamp":"2025-09-07T13:29:16.188Z"}
{"error":{},"level":"error","message":"Error during invitation cleanup","timestamp":"2025-09-07T13:29:25.909Z"}
{"error":{},"level":"error","message":"Error during invitation cleanup","timestamp":"2025-09-07T13:29:25.912Z"}
{"error":{"address":"::","code":"EADDRINUSE","errno":-4091,"port":8001,"syscall":"listen"},"level":"error","message":"Server error","timestamp":"2025-09-07T13:29:26.000Z"}
{"error":{},"level":"error","message":"Error during invitation cleanup","timestamp":"2025-09-07T13:29:32.187Z"}
{"error":{},"level":"error","message":"Error during invitation cleanup","timestamp":"2025-09-07T13:29:32.270Z"}
{"error":{"address":"::","code":"EADDRINUSE","errno":-4091,"port":8001,"syscall":"listen"},"level":"error","message":"Server error","timestamp":"2025-09-07T13:29:32.342Z"}
{"error":{},"level":"error","message":"Error during invitation cleanup","timestamp":"2025-09-07T13:30:33.450Z"}
{"error":{},"level":"error","message":"Error during invitation cleanup","timestamp":"2025-09-07T13:34:11.373Z"}
{"error":{},"level":"error","message":"Error during invitation cleanup","timestamp":"2025-09-07T13:35:06.286Z"}
{"error":{},"level":"error","message":"Error during invitation cleanup","timestamp":"2025-09-07T13:35:12.978Z"}
{"error":{},"level":"error","message":"Error during invitation cleanup","timestamp":"2025-09-07T13:35:39.242Z"}
{"error":{},"level":"error","message":"Error during invitation cleanup","timestamp":"2025-09-07T13:36:02.229Z"}
{"error":{},"level":"error","message":"Error during invitation cleanup","timestamp":"2025-09-07T13:36:40.673Z"}
{"error":{},"level":"error","message":"Error during invitation cleanup","timestamp":"2025-09-07T13:36:58.998Z"}
{"error":{},"level":"error","message":"Error during invitation cleanup","timestamp":"2025-09-07T13:37:16.351Z"}
{"error":{},"level":"error","message":"Error during invitation cleanup","timestamp":"2025-09-07T13:37:36.594Z"}
{"error":{},"level":"error","message":"Error during invitation cleanup","timestamp":"2025-09-07T13:38:30.789Z"}
{"error":{},"level":"error","message":"Error during invitation cleanup","timestamp":"2025-09-07T13:40:05.138Z"}
{"error":{},"level":"error","message":"Error during invitation cleanup","timestamp":"2025-09-07T13:40:14.334Z"}
{"error":{},"level":"error","message":"Error during invitation cleanup","timestamp":"2025-09-07T13:40:21.652Z"}
{"error":{},"level":"error","message":"Error during invitation cleanup","timestamp":"2025-09-07T13:40:29.391Z"}
{"error":{},"level":"error","message":"Error during invitation cleanup","timestamp":"2025-09-07T13:40:39.617Z"}
{"error":{},"level":"error","message":"Error during invitation cleanup","timestamp":"2025-09-07T13:40:48.847Z"}
{"error":{},"level":"error","message":"Error during invitation cleanup","timestamp":"2025-09-07T13:41:00.724Z"}
{"error":{},"level":"error","message":"Error during invitation cleanup","timestamp":"2025-09-07T13:41:13.046Z"}
{"error":{},"level":"error","message":"Error during invitation cleanup","timestamp":"2025-09-07T13:41:19.897Z"}
{"error":{},"level":"error","message":"Error during invitation cleanup","timestamp":"2025-09-07T13:41:53.214Z"}
{"error":{},"level":"error","message":"Error during invitation cleanup","timestamp":"2025-09-07T13:42:01.869Z"}
{"error":{},"level":"error","message":"Error during invitation cleanup","timestamp":"2025-09-07T13:42:07.339Z"}
{"error":{},"level":"error","message":"Error during invitation cleanup","timestamp":"2025-09-07T13:43:46.671Z"}
{"error":{},"level":"error","message":"Error during invitation cleanup","timestamp":"2025-09-07T13:45:18.443Z"}
{"error":{},"level":"error","message":"Error during invitation cleanup","timestamp":"2025-09-07T13:47:45.364Z"}
{"error":{},"level":"error","message":"Error during invitation cleanup","timestamp":"2025-09-07T13:47:53.785Z"}
{"error":{},"level":"error","message":"Error during invitation cleanup","timestamp":"2025-09-07T13:48:00.071Z"}
{"error":{},"level":"error","message":"Error during invitation cleanup","timestamp":"2025-09-07T13:48:35.275Z"}
{"error":{},"level":"error","message":"Error during invitation cleanup","timestamp":"2025-09-07T13:48:41.372Z"}
{"error":{},"level":"error","message":"Error during invitation cleanup","timestamp":"2025-09-07T13:53:34.844Z"}
{"error":{},"level":"error","message":"Error during invitation cleanup","timestamp":"2025-09-07T13:56:34.201Z"}
{"error":{},"level":"error","message":"Error during invitation cleanup","timestamp":"2025-09-07T13:56:43.233Z"}
{"error":{},"level":"error","message":"Error during invitation cleanup","timestamp":"2025-09-07T14:01:35.615Z"}
{"error":{},"level":"error","message":"Error during invitation cleanup","timestamp":"2025-09-07T14:01:41.993Z"}
{"error":{},"level":"error","message":"Error during invitation cleanup","timestamp":"2025-09-07T14:01:48.312Z"}
{"error":{},"level":"error","message":"Error during invitation cleanup","timestamp":"2025-09-07T14:02:01.854Z"}
{"error":"require is not defined","level":"error","message":"Authentication middleware error","originalError":"{\"stack\":\"ReferenceError: require is not defined\\n    at AuthMiddleware.hashToken (c:\\\\Users\\\\emmry\\\\OneDrive\\\\Masa%C3%BCst%C3%BC\\\\Ballet-Neli\\\\Backend\\\\src\\\\features\\\\auth\\\\middleware\\\\AuthMiddleware.ts:504:20)\\n    at <anonymous> (c:\\\\Users\\\\emmry\\\\OneDrive\\\\Masa%C3%BCst%C3%BC\\\\Ballet-Neli\\\\Backend\\\\src\\\\features\\\\auth\\\\middleware\\\\AuthMiddleware.ts:117:34)\\n    at process.processTicksAndRejections (node:internal/process/task_queues:95:5)\",\"message\":\"require is not defined\"}","stack":"ReferenceError: require is not defined\n    at AuthMiddleware.hashToken (c:\\Users\\emmry\\OneDrive\\Masa%C3%BCst%C3%BC\\Ballet-Neli\\Backend\\src\\features\\auth\\middleware\\AuthMiddleware.ts:504:20)\n    at <anonymous> (c:\\Users\\emmry\\OneDrive\\Masa%C3%BCst%C3%BC\\Ballet-Neli\\Backend\\src\\features\\auth\\middleware\\AuthMiddleware.ts:117:34)\n    at process.processTicksAndRejections (node:internal/process/task_queues:95:5)","timestamp":"2025-09-07T14:02:58.714Z"}
{"error":"require is not defined","level":"error","message":"Authentication middleware error","originalError":"{\"stack\":\"ReferenceError: require is not defined\\n    at AuthMiddleware.hashToken (c:\\\\Users\\\\emmry\\\\OneDrive\\\\Masa%C3%BCst%C3%BC\\\\Ballet-Neli\\\\Backend\\\\src\\\\features\\\\auth\\\\middleware\\\\AuthMiddleware.ts:504:20)\\n    at <anonymous> (c:\\\\Users\\\\emmry\\\\OneDrive\\\\Masa%C3%BCst%C3%BC\\\\Ballet-Neli\\\\Backend\\\\src\\\\features\\\\auth\\\\middleware\\\\AuthMiddleware.ts:117:34)\\n    at process.processTicksAndRejections (node:internal/process/task_queues:95:5)\",\"message\":\"require is not defined\"}","stack":"ReferenceError: require is not defined\n    at AuthMiddleware.hashToken (c:\\Users\\emmry\\OneDrive\\Masa%C3%BCst%C3%BC\\Ballet-Neli\\Backend\\src\\features\\auth\\middleware\\AuthMiddleware.ts:504:20)\n    at <anonymous> (c:\\Users\\emmry\\OneDrive\\Masa%C3%BCst%C3%BC\\Ballet-Neli\\Backend\\src\\features\\auth\\middleware\\AuthMiddleware.ts:117:34)\n    at process.processTicksAndRejections (node:internal/process/task_queues:95:5)","timestamp":"2025-09-07T14:04:32.814Z"}
{"error":"require is not defined","level":"error","message":"Authentication middleware error","originalError":"{\"stack\":\"ReferenceError: require is not defined\\n    at AuthMiddleware.hashToken (c:\\\\Users\\\\emmry\\\\OneDrive\\\\Masa%C3%BCst%C3%BC\\\\Ballet-Neli\\\\Backend\\\\src\\\\features\\\\auth\\\\middleware\\\\AuthMiddleware.ts:504:20)\\n    at <anonymous> (c:\\\\Users\\\\emmry\\\\OneDrive\\\\Masa%C3%BCst%C3%BC\\\\Ballet-Neli\\\\Backend\\\\src\\\\features\\\\auth\\\\middleware\\\\AuthMiddleware.ts:117:34)\\n    at process.processTicksAndRejections (node:internal/process/task_queues:95:5)\",\"message\":\"require is not defined\"}","stack":"ReferenceError: require is not defined\n    at AuthMiddleware.hashToken (c:\\Users\\emmry\\OneDrive\\Masa%C3%BCst%C3%BC\\Ballet-Neli\\Backend\\src\\features\\auth\\middleware\\AuthMiddleware.ts:504:20)\n    at <anonymous> (c:\\Users\\emmry\\OneDrive\\Masa%C3%BCst%C3%BC\\Ballet-Neli\\Backend\\src\\features\\auth\\middleware\\AuthMiddleware.ts:117:34)\n    at process.processTicksAndRejections (node:internal/process/task_queues:95:5)","timestamp":"2025-09-07T14:04:44.920Z"}
{"error":"require is not defined","level":"error","message":"Authentication middleware error","originalError":"{\"stack\":\"ReferenceError: require is not defined\\n    at AuthMiddleware.hashToken (c:\\\\Users\\\\emmry\\\\OneDrive\\\\Masa%C3%BCst%C3%BC\\\\Ballet-Neli\\\\Backend\\\\src\\\\features\\\\auth\\\\middleware\\\\AuthMiddleware.ts:504:20)\\n    at <anonymous> (c:\\\\Users\\\\emmry\\\\OneDrive\\\\Masa%C3%BCst%C3%BC\\\\Ballet-Neli\\\\Backend\\\\src\\\\features\\\\auth\\\\middleware\\\\AuthMiddleware.ts:117:34)\\n    at process.processTicksAndRejections (node:internal/process/task_queues:95:5)\",\"message\":\"require is not defined\"}","stack":"ReferenceError: require is not defined\n    at AuthMiddleware.hashToken (c:\\Users\\emmry\\OneDrive\\Masa%C3%BCst%C3%BC\\Ballet-Neli\\Backend\\src\\features\\auth\\middleware\\AuthMiddleware.ts:504:20)\n    at <anonymous> (c:\\Users\\emmry\\OneDrive\\Masa%C3%BCst%C3%BC\\Ballet-Neli\\Backend\\src\\features\\auth\\middleware\\AuthMiddleware.ts:117:34)\n    at process.processTicksAndRejections (node:internal/process/task_queues:95:5)","timestamp":"2025-09-07T14:05:03.059Z"}
{"error":{},"level":"error","message":"Error during invitation cleanup","timestamp":"2025-09-07T14:06:03.629Z"}
{"error":{},"level":"error","message":"Error during invitation cleanup","timestamp":"2025-09-07T14:09:16.122Z"}
{"error":{},"level":"error","message":"Error during invitation cleanup","timestamp":"2025-09-07T14:10:01.708Z"}
{"error":{},"level":"error","message":"Error during invitation cleanup","timestamp":"2025-09-07T14:11:19.298Z"}
{"error":{},"level":"error","message":"Error during invitation cleanup","timestamp":"2025-09-07T14:12:28.405Z"}
{"error":{},"level":"error","message":"Error during invitation cleanup","timestamp":"2025-09-07T14:12:31.584Z"}
{"error":{},"level":"error","message":"Error during invitation cleanup","timestamp":"2025-09-07T14:54:42.154Z"}
{"error":{},"level":"error","message":"Error during invitation cleanup","timestamp":"2025-09-07T14:55:05.847Z"}
{"error":{},"level":"error","message":"Error during invitation cleanup","timestamp":"2025-09-07T14:59:46.122Z"}
{"error":{},"level":"error","message":"Error during invitation cleanup","timestamp":"2025-09-07T15:03:59.097Z"}
{"error":{},"level":"error","message":"Error during invitation cleanup","timestamp":"2025-09-07T15:04:06.468Z"}
{"error":{},"level":"error","message":"Error during invitation cleanup","timestamp":"2025-09-07T15:04:13.181Z"}
{"error":{},"level":"error","message":"Error during invitation cleanup","timestamp":"2025-09-07T15:04:27.576Z"}
{"error":{},"level":"error","message":"Error during invitation cleanup","timestamp":"2025-09-07T15:04:57.230Z"}
{"error":{},"level":"error","message":"Error during invitation cleanup","timestamp":"2025-09-07T15:07:22.758Z"}
{"error":{},"level":"error","message":"Error during invitation cleanup","timestamp":"2025-09-07T15:07:40.205Z"}
{"error":{},"level":"error","message":"Error during invitation cleanup","timestamp":"2025-09-07T15:09:25.706Z"}
{"error":{},"level":"error","message":"Error during invitation cleanup","timestamp":"2025-09-07T15:09:43.696Z"}
{"error":{},"level":"error","message":"Error during invitation cleanup","timestamp":"2025-09-07T15:10:12.485Z"}
{"error":{},"level":"error","message":"Error during invitation cleanup","timestamp":"2025-09-07T15:10:41.737Z"}
{"error":{},"level":"error","message":"Error during invitation cleanup","timestamp":"2025-09-07T15:11:04.577Z"}
{"error":{},"level":"error","message":"Error during invitation cleanup","timestamp":"2025-09-07T15:11:18.793Z"}
{"error":{},"level":"error","message":"Error during invitation cleanup","timestamp":"2025-09-07T15:11:21.127Z"}
{"error":{},"level":"error","message":"Error during invitation cleanup","timestamp":"2025-09-07T15:12:14.829Z"}
{"error":{},"level":"error","message":"Error during invitation cleanup","timestamp":"2025-09-07T15:12:28.544Z"}
{"error":{},"level":"error","message":"Error during invitation cleanup","timestamp":"2025-09-07T15:12:54.323Z"}
{"error":{},"level":"error","message":"Error during invitation cleanup","timestamp":"2025-09-07T15:13:28.817Z"}
{"error":{},"level":"error","message":"Error during invitation cleanup","timestamp":"2025-09-07T15:13:43.157Z"}
{"error":{},"level":"error","message":"Error during invitation cleanup","timestamp":"2025-09-07T15:14:07.975Z"}
{"error":{},"level":"error","message":"Error during invitation cleanup","timestamp":"2025-09-07T15:15:04.804Z"}
{"error":{},"level":"error","message":"Error during invitation cleanup","timestamp":"2025-09-07T15:15:11.208Z"}
{"error":{},"level":"error","message":"Error during invitation cleanup","timestamp":"2025-09-07T15:15:18.327Z"}
{"error":{},"level":"error","message":"Error during invitation cleanup","timestamp":"2025-09-07T15:15:24.724Z"}
{"error":{},"level":"error","message":"Error during invitation cleanup","timestamp":"2025-09-07T15:15:31.503Z"}
{"error":{},"level":"error","message":"Error during invitation cleanup","timestamp":"2025-09-07T15:15:37.846Z"}
{"error":{},"level":"error","message":"Error during invitation cleanup","timestamp":"2025-09-07T15:15:45.450Z"}
{"error":{},"level":"error","message":"Error during invitation cleanup","timestamp":"2025-09-07T15:15:52.540Z"}
{"error":{},"level":"error","message":"Error during invitation cleanup","timestamp":"2025-09-07T15:15:58.944Z"}
{"error":{},"level":"error","message":"Error during invitation cleanup","timestamp":"2025-09-07T15:16:05.595Z"}
{"error":{},"level":"error","message":"Error during invitation cleanup","timestamp":"2025-09-07T15:16:08.021Z"}
{"error":{},"level":"error","message":"Error during invitation cleanup","timestamp":"2025-09-07T15:16:47.898Z"}
{"error":{"code":"23503","constraint":"class_templates_instructor_id_fkey","detail":"Key (instructor_id)=(45701370-3705-4a90-8b76-d5d71a2a18dd) is not present in table \"instructors\".","file":"ri_triggers.c","length":341,"line":"2465","name":"error","routine":"ri_ReportViolation","schema":"public","severity":"ERROR","table":"class_templates"},"establishmentId":"0a9edc36-9a58-4f0b-a007-3f1ae8ad050d","level":"error","message":"Failed to create class template","timestamp":"2025-09-07T15:18:24.312Z"}
{"error":{"code":"23503","constraint":"class_templates_instructor_id_fkey","detail":"Key (instructor_id)=(45701370-3705-4a90-8b76-d5d71a2a18dd) is not present in table \"instructors\".","file":"ri_triggers.c","length":341,"line":"2465","name":"error","routine":"ri_ReportViolation","schema":"public","severity":"ERROR","table":"class_templates"},"establishmentId":"0a9edc36-9a58-4f0b-a007-3f1ae8ad050d","level":"error","message":"Failed to create class template","timestamp":"2025-09-07T15:18:52.424Z"}
{"error":{},"level":"error","message":"Error during invitation cleanup","timestamp":"2025-09-07T15:27:42.431Z"}
{"error":{},"level":"error","message":"Error during invitation cleanup","timestamp":"2025-09-07T15:27:51.428Z"}
{"error":{},"level":"error","message":"Error during invitation cleanup","timestamp":"2025-09-07T15:28:54.891Z"}
{"error":{},"level":"error","message":"Error during invitation cleanup","timestamp":"2025-09-07T15:29:10.484Z"}
{"error":{},"level":"error","message":"Error during invitation cleanup","timestamp":"2025-09-07T15:29:29.654Z"}
{"error":{},"level":"error","message":"Error during invitation cleanup","timestamp":"2025-09-07T15:29:46.339Z"}
{"error":{},"level":"error","message":"Error during invitation cleanup","timestamp":"2025-09-07T15:30:03.017Z"}
{"error":{},"level":"error","message":"Error during invitation cleanup","timestamp":"2025-09-07T15:31:09.864Z"}
{"error":{},"level":"error","message":"Error during invitation cleanup","timestamp":"2025-09-07T15:31:25.943Z"}
{"error":{},"level":"error","message":"Error during invitation cleanup","timestamp":"2025-09-07T15:31:57.094Z"}
{"error":{},"level":"error","message":"Error during invitation cleanup","timestamp":"2025-09-07T15:32:48.205Z"}
{"error":{},"level":"error","message":"Error during invitation cleanup","timestamp":"2025-09-07T15:33:48.076Z"}
{"error":{},"level":"error","message":"Error during invitation cleanup","timestamp":"2025-09-07T15:33:55.478Z"}
{"error":{},"level":"error","message":"Error during invitation cleanup","timestamp":"2025-09-07T15:34:20.871Z"}
{"error":{},"level":"error","message":"Error during invitation cleanup","timestamp":"2025-09-07T15:35:27.106Z"}
{"error":{"code":"22P02","file":"enum.c","length":112,"line":"129","name":"error","routine":"enum_in","severity":"ERROR"},"establishmentId":"0a9edc36-9a58-4f0b-a007-3f1ae8ad050d","level":"error","message":"Failed to create class template","timestamp":"2025-09-07T15:35:54.589Z"}
{"error":{"code":"22P02","file":"enum.c","length":112,"line":"129","name":"error","routine":"enum_in","severity":"ERROR"},"establishmentId":"0a9edc36-9a58-4f0b-a007-3f1ae8ad050d","level":"error","message":"Failed to create class template","timestamp":"2025-09-07T15:36:43.556Z"}
{"error":{"code":"22P02","file":"enum.c","length":112,"line":"129","name":"error","routine":"enum_in","severity":"ERROR"},"establishmentId":"0a9edc36-9a58-4f0b-a007-3f1ae8ad050d","level":"error","message":"Failed to create class template","timestamp":"2025-09-07T15:38:20.420Z"}
{"error":{"code":"22P02","file":"enum.c","length":112,"line":"129","name":"error","routine":"enum_in","severity":"ERROR"},"establishmentId":"0a9edc36-9a58-4f0b-a007-3f1ae8ad050d","level":"error","message":"Failed to create class template","timestamp":"2025-09-07T15:41:35.594Z"}
{"error":{},"level":"error","message":"Error during invitation cleanup","timestamp":"2025-09-07T15:42:13.796Z"}
{"error":{"code":"22P02","file":"enum.c","length":112,"line":"129","name":"error","routine":"enum_in","severity":"ERROR"},"establishmentId":"0a9edc36-9a58-4f0b-a007-3f1ae8ad050d","level":"error","message":"Failed to create class template","timestamp":"2025-09-07T15:42:16.094Z"}
{"error":{"code":"22P02","file":"enum.c","length":112,"line":"129","name":"error","routine":"enum_in","severity":"ERROR"},"establishmentId":"0a9edc36-9a58-4f0b-a007-3f1ae8ad050d","level":"error","message":"Failed to create class template","timestamp":"2025-09-07T15:43:49.716Z"}
{"error":{},"level":"error","message":"Error during invitation cleanup","timestamp":"2025-09-07T15:44:09.406Z"}
{"error":{"code":"42703","file":"parse_target.c","length":138,"line":"1047","name":"error","position":"71","routine":"checkInsertTargets","severity":"ERROR"},"establishmentId":"0a9edc36-9a58-4f0b-a007-3f1ae8ad050d","level":"error","message":"Failed to create class template","timestamp":"2025-09-07T15:44:11.695Z"}
{"error":{},"level":"error","message":"Error during invitation cleanup","timestamp":"2025-09-07T15:44:40.694Z"}
{"error":{"code":"42703","file":"parse_target.c","length":138,"line":"1047","name":"error","position":"71","routine":"checkInsertTargets","severity":"ERROR"},"establishmentId":"0a9edc36-9a58-4f0b-a007-3f1ae8ad050d","level":"error","message":"Failed to create class template","timestamp":"2025-09-07T15:44:44.635Z"}
{"error":{},"level":"error","message":"Error during invitation cleanup","timestamp":"2025-09-07T15:44:52.293Z"}
{"error":{"code":"22P02","file":"enum.c","length":112,"line":"129","name":"error","routine":"enum_in","severity":"ERROR"},"establishmentId":"0a9edc36-9a58-4f0b-a007-3f1ae8ad050d","level":"error","message":"Failed to create class template","timestamp":"2025-09-07T15:45:48.589Z"}
{"error":{},"level":"error","message":"Error during invitation cleanup","timestamp":"2025-09-07T15:46:03.837Z"}
{"error":{"code":"22P02","file":"enum.c","length":101,"line":"129","name":"error","routine":"enum_in","severity":"ERROR"},"establishmentId":"0a9edc36-9a58-4f0b-a007-3f1ae8ad050d","level":"error","message":"Failed to create class template","timestamp":"2025-09-07T15:46:05.487Z"}
{"error":{"code":"22P02","file":"enum.c","length":101,"line":"129","name":"error","routine":"enum_in","severity":"ERROR"},"establishmentId":"0a9edc36-9a58-4f0b-a007-3f1ae8ad050d","level":"error","message":"Failed to create class template","timestamp":"2025-09-07T15:46:21.215Z"}
{"error":{"code":"22P02","file":"enum.c","length":101,"line":"129","name":"error","routine":"enum_in","severity":"ERROR"},"establishmentId":"0a9edc36-9a58-4f0b-a007-3f1ae8ad050d","level":"error","message":"Failed to create class template","timestamp":"2025-09-07T15:46:50.507Z"}
{"error":{},"level":"error","message":"Error during invitation cleanup","timestamp":"2025-09-07T15:47:39.067Z"}
{"error":{"code":"22P02","file":"enum.c","length":112,"line":"129","name":"error","routine":"enum_in","severity":"ERROR"},"establishmentId":"0a9edc36-9a58-4f0b-a007-3f1ae8ad050d","level":"error","message":"Failed to create class template","timestamp":"2025-09-07T15:47:41.170Z"}
{"error":{},"level":"error","message":"Error during invitation cleanup","timestamp":"2025-09-07T15:48:35.143Z"}
{"error":{"code":"22P02","file":"enum.c","length":112,"line":"129","name":"error","routine":"enum_in","severity":"ERROR"},"establishmentId":"0a9edc36-9a58-4f0b-a007-3f1ae8ad050d","level":"error","message":"Failed to create class template","timestamp":"2025-09-07T15:48:37.075Z"}
{"error":{},"level":"error","message":"Error during invitation cleanup","timestamp":"2025-09-07T15:51:15.843Z"}
{"error":{"code":"22P02","file":"enum.c","length":112,"line":"129","name":"error","routine":"enum_in","severity":"ERROR"},"establishmentId":"0a9edc36-9a58-4f0b-a007-3f1ae8ad050d","level":"error","message":"Failed to create class template","timestamp":"2025-09-07T15:51:37.014Z"}
{"error":{},"level":"error","message":"Error during invitation cleanup","timestamp":"2025-09-07T15:51:52.867Z"}
{"error":{"code":"22P02","file":"enum.c","length":112,"line":"129","name":"error","routine":"enum_in","severity":"ERROR"},"establishmentId":"0a9edc36-9a58-4f0b-a007-3f1ae8ad050d","level":"error","message":"Failed to create class template","timestamp":"2025-09-07T15:51:54.197Z"}
{"error":{"code":"22P02","file":"enum.c","length":112,"line":"129","name":"error","routine":"enum_in","severity":"ERROR"},"establishmentId":"0a9edc36-9a58-4f0b-a007-3f1ae8ad050d","level":"error","message":"Failed to create class template","timestamp":"2025-09-07T15:51:59.209Z"}
{"error":{},"level":"error","message":"Error during invitation cleanup","timestamp":"2025-09-07T15:52:56.523Z"}
{"error":{"code":"22P02","file":"enum.c","length":112,"line":"129","name":"error","routine":"enum_in","severity":"ERROR"},"establishmentId":"0a9edc36-9a58-4f0b-a007-3f1ae8ad050d","level":"error","message":"Failed to create class template","timestamp":"2025-09-07T15:52:57.706Z"}
{"error":{},"level":"error","message":"Error during invitation cleanup","timestamp":"2025-09-07T15:55:24.732Z"}
{"error":{"code":"22P02","file":"enum.c","length":112,"line":"129","name":"error","routine":"enum_in","severity":"ERROR"},"establishmentId":"0a9edc36-9a58-4f0b-a007-3f1ae8ad050d","level":"error","message":"Failed to create class template","timestamp":"2025-09-07T15:55:28.307Z"}
{"error":{},"level":"error","message":"Error during invitation cleanup","timestamp":"2025-09-07T15:59:23.251Z"}
{"error":{"code":"42P01","file":"parse_relation.c","length":111,"line":"1373","name":"error","position":"317","routine":"parserOpenTable","severity":"ERROR"},"establishmentId":"0a9edc36-9a58-4f0b-a007-3f1ae8ad050d","level":"error","message":"Failed to get class templates","timestamp":"2025-09-07T15:59:34.908Z"}
{"error":{"code":"42P01","file":"parse_relation.c","length":111,"line":"1373","name":"error","position":"317","routine":"parserOpenTable","severity":"ERROR"},"establishmentId":"0a9edc36-9a58-4f0b-a007-3f1ae8ad050d","level":"error","message":"Failed to get class templates","timestamp":"2025-09-07T15:59:54.282Z"}
{"error":{"code":"42P01","file":"parse_relation.c","length":111,"line":"1373","name":"error","position":"317","routine":"parserOpenTable","severity":"ERROR"},"establishmentId":"0a9edc36-9a58-4f0b-a007-3f1ae8ad050d","level":"error","message":"Failed to get class templates","timestamp":"2025-09-07T16:00:09.282Z"}
{"error":{"code":"42P01","file":"parse_relation.c","length":111,"line":"1373","name":"error","position":"317","routine":"parserOpenTable","severity":"ERROR"},"establishmentId":"0a9edc36-9a58-4f0b-a007-3f1ae8ad050d","level":"error","message":"Failed to get class templates","timestamp":"2025-09-07T16:00:13.210Z"}
{"error":{},"level":"error","message":"Error during invitation cleanup","timestamp":"2025-09-07T16:01:26.979Z"}
{"error":{"code":"42P01","file":"parse_relation.c","length":111,"line":"1373","name":"error","position":"317","routine":"parserOpenTable","severity":"ERROR"},"establishmentId":"0a9edc36-9a58-4f0b-a007-3f1ae8ad050d","level":"error","message":"Failed to get class templates","timestamp":"2025-09-07T16:01:29.074Z"}
{"error":{},"level":"error","message":"Error during invitation cleanup","timestamp":"2025-09-07T16:01:49.687Z"}
{"error":{},"level":"error","message":"Error during invitation cleanup","timestamp":"2025-09-07T16:02:00.160Z"}
{"error":{"code":"42P01","file":"parse_relation.c","length":111,"line":"1373","name":"error","position":"317","routine":"parserOpenTable","severity":"ERROR"},"establishmentId":"0a9edc36-9a58-4f0b-a007-3f1ae8ad050d","level":"error","message":"Failed to get class templates","timestamp":"2025-09-07T16:02:01.021Z"}
{"error":{},"level":"error","message":"Error during invitation cleanup","timestamp":"2025-09-07T16:07:01.576Z"}
{"error":{"code":"42P01","file":"parse_relation.c","length":111,"line":"1373","name":"error","position":"317","routine":"parserOpenTable","severity":"ERROR"},"establishmentId":"0a9edc36-9a58-4f0b-a007-3f1ae8ad050d","level":"error","message":"Failed to get class templates","timestamp":"2025-09-07T16:07:25.042Z"}
{"error":{},"level":"error","message":"Error during invitation cleanup","timestamp":"2025-09-07T16:09:27.023Z"}
{"error":{"code":"42P01","file":"parse_relation.c","length":111,"line":"1373","name":"error","position":"317","routine":"parserOpenTable","severity":"ERROR"},"establishmentId":"0a9edc36-9a58-4f0b-a007-3f1ae8ad050d","level":"error","message":"Failed to get class templates","timestamp":"2025-09-07T16:09:29.919Z"}
{"error":{},"level":"error","message":"Error during invitation cleanup","timestamp":"2025-09-07T16:09:36.207Z"}
{"error":{"code":"42P01","file":"parse_relation.c","length":111,"line":"1373","name":"error","position":"317","routine":"parserOpenTable","severity":"ERROR"},"establishmentId":"0a9edc36-9a58-4f0b-a007-3f1ae8ad050d","level":"error","message":"Failed to get class templates","timestamp":"2025-09-07T16:09:38.142Z"}
{"error":{},"level":"error","message":"Error during invitation cleanup","timestamp":"2025-09-07T16:10:14.657Z"}
{"error":{"code":"42P01","file":"parse_relation.c","length":111,"line":"1373","name":"error","position":"317","routine":"parserOpenTable","severity":"ERROR"},"establishmentId":"0a9edc36-9a58-4f0b-a007-3f1ae8ad050d","level":"error","message":"Failed to get class templates","timestamp":"2025-09-07T16:11:00.613Z"}
{"error":{},"level":"error","message":"Error during invitation cleanup","timestamp":"2025-09-07T16:12:13.060Z"}
{"error":{"code":"23503","constraint":"class_templates_instructor_id_fkey","detail":"Key (instructor_id)=(3fa85f64-5717-4562-b3fc-2c963f66afa6) is not present in table \"users\".","file":"ri_triggers.c","length":335,"line":"2465","name":"error","routine":"ri_ReportViolation","schema":"public","severity":"ERROR","table":"class_templates"},"establishmentId":"0a9edc36-9a58-4f0b-a007-3f1ae8ad050d","level":"error","message":"Failed to update class template","templateId":"68194e66-05cb-40a0-86c1-639e5429c7db","timestamp":"2025-09-07T16:14:01.643Z"}
{"error":{"code":"42P01","file":"parse_relation.c","length":111,"line":"1373","name":"error","position":"623","routine":"parserOpenTable","severity":"ERROR"},"establishmentId":"0a9edc36-9a58-4f0b-a007-3f1ae8ad050d","level":"error","message":"Failed to get class sessions","timestamp":"2025-09-07T16:16:15.124Z"}
{"error":{},"level":"error","message":"Error during invitation cleanup","timestamp":"2025-09-07T16:17:02.431Z"}
{"error":{"code":"42P01","file":"parse_relation.c","length":111,"line":"1373","name":"error","position":"623","routine":"parserOpenTable","severity":"ERROR"},"establishmentId":"0a9edc36-9a58-4f0b-a007-3f1ae8ad050d","level":"error","message":"Failed to get class sessions","timestamp":"2025-09-07T16:17:02.549Z"}
{"error":{},"level":"error","message":"Error during invitation cleanup","timestamp":"2025-09-07T16:17:30.427Z"}
{"error":{"code":"42P01","file":"parse_relation.c","length":111,"line":"1373","name":"error","position":"623","routine":"parserOpenTable","severity":"ERROR"},"establishmentId":"0a9edc36-9a58-4f0b-a007-3f1ae8ad050d","level":"error","message":"Failed to get class sessions","timestamp":"2025-09-07T16:17:32.835Z"}
{"error":{"code":"42P01","file":"parse_relation.c","length":111,"line":"1373","name":"error","position":"623","routine":"parserOpenTable","severity":"ERROR"},"establishmentId":"0a9edc36-9a58-4f0b-a007-3f1ae8ad050d","level":"error","message":"Failed to get class sessions","timestamp":"2025-09-07T16:18:22.846Z"}
{"error":{},"level":"error","message":"Error during invitation cleanup","timestamp":"2025-09-07T16:19:08.180Z"}
{"error":{"code":"22P02","file":"uuid.c","length":221,"line":"134","name":"error","routine":"string_to_uuid","severity":"ERROR"},"establishmentId":"0a9edc36-9a58-4f0b-a007-3f1ae8ad050d","level":"error","message":"Failed to get class sessions","timestamp":"2025-09-07T16:19:09.692Z"}
{"error":{"code":"22P02","file":"uuid.c","length":221,"line":"134","name":"error","routine":"string_to_uuid","severity":"ERROR"},"establishmentId":"0a9edc36-9a58-4f0b-a007-3f1ae8ad050d","level":"error","message":"Failed to get class sessions","timestamp":"2025-09-07T16:20:25.372Z"}
{"error":{"code":"22P02","file":"uuid.c","length":221,"line":"134","name":"error","routine":"string_to_uuid","severity":"ERROR"},"establishmentId":"0a9edc36-9a58-4f0b-a007-3f1ae8ad050d","level":"error","message":"Failed to get class sessions","timestamp":"2025-09-07T16:21:11.372Z"}
{"error":{"code":"22P02","file":"uuid.c","length":221,"line":"134","name":"error","routine":"string_to_uuid","severity":"ERROR"},"establishmentId":"0a9edc36-9a58-4f0b-a007-3f1ae8ad050d","level":"error","message":"Failed to get class sessions","timestamp":"2025-09-07T16:21:48.101Z"}
{"error":{},"level":"error","message":"Error during invitation cleanup","timestamp":"2025-09-07T16:22:27.757Z"}
{"error":{"code":"22P02","file":"uuid.c","length":275,"line":"134","name":"error","routine":"string_to_uuid","severity":"ERROR"},"establishmentId":"0a9edc36-9a58-4f0b-a007-3f1ae8ad050d","level":"error","message":"Failed to get class sessions","timestamp":"2025-09-07T16:23:05.825Z"}
{"error":{"code":"22P02","file":"uuid.c","length":275,"line":"134","name":"error","routine":"string_to_uuid","severity":"ERROR"},"establishmentId":"0a9edc36-9a58-4f0b-a007-3f1ae8ad050d","level":"error","message":"Failed to get class sessions","timestamp":"2025-09-07T16:24:21.605Z"}
{"error":{},"level":"error","message":"Error during invitation cleanup","timestamp":"2025-09-07T16:26:00.552Z"}
{"error":{"code":"22P02","file":"uuid.c","length":275,"line":"134","name":"error","routine":"string_to_uuid","severity":"ERROR"},"establishmentId":"0a9edc36-9a58-4f0b-a007-3f1ae8ad050d","level":"error","message":"Failed to get class sessions","timestamp":"2025-09-07T16:26:02.771Z"}
{"error":{},"level":"error","message":"Error during invitation cleanup","timestamp":"2025-09-07T16:26:10.409Z"}
{"error":{},"level":"error","message":"Error during invitation cleanup","timestamp":"2025-09-07T16:26:31.547Z"}
{"error":{"code":"42P01","file":"parse_relation.c","length":111,"line":"1373","name":"error","position":"623","routine":"parserOpenTable","severity":"ERROR"},"establishmentId":"0a9edc36-9a58-4f0b-a007-3f1ae8ad050d","level":"error","message":"Failed to get class sessions","timestamp":"2025-09-07T16:26:37.023Z"}
{"error":{},"level":"error","message":"Error during invitation cleanup","timestamp":"2025-09-07T16:28:02.503Z"}
{"error":{"code":"42P01","file":"parse_relation.c","length":111,"line":"1373","name":"error","position":"366","routine":"parserOpenTable","severity":"ERROR"},"establishmentId":"0a9edc36-9a58-4f0b-a007-3f1ae8ad050d","level":"error","message":"Failed to get calendar events","timestamp":"2025-09-07T17:42:07.321Z"}
